Id,Predicted
0,2
1,6
2,4
3,3
4,3
5,3
6,6
7,3
8,3
9,3
10,0
11,3
12,3
13,3
14,6
15,3
16,3
17,3
18,1
19,1
20,2
21,2
22,2
23,3
24,5
25,2
26,2
27,3
28,3
29,3
30,3
31,4
32,0
33,6
34,3
35,4
36,3
37,3
38,6
39,5
40,4
41,3
42,3
43,6
44,0
45,3
46,0
47,3
48,5
49,3
50,6
51,3
52,1
53,3
54,3
55,2
56,1
57,2
58,3
59,6
60,5
61,3
62,3
63,3
64,3
65,3
66,3
67,3
68,3
69,4
70,5
71,3
72,3
73,4
74,2
75,6
76,3
77,3
78,3
79,5
80,6
81,5
82,2
83,3
84,3
85,3
86,3
87,3
88,3
89,2
90,6
91,6
92,2
93,1
94,4
95,6
96,0
97,4
98,6
99,3
100,6
101,3
102,0
103,3
104,2
105,5
106,2
107,2
108,3
109,3
110,3
111,1
112,3
113,6
114,0
115,3
116,4
117,1
118,3
119,3
120,2
121,3
122,2
123,3
124,4
125,3
126,6
127,3
128,5
129,3
130,3
131,6
132,2
133,3
134,3
135,3
136,5
137,1
138,4
139,6
140,4
141,3
142,3
143,5
144,0
145,6
146,5
147,3
148,3
149,3
150,3
151,6
152,3
153,3
154,3
155,6
156,3
157,3
158,6
159,3
160,5
161,3
162,3
163,3
164,4
165,3
166,3
167,3
168,3
169,3
170,0
171,3
172,3
173,0
174,2
175,2
176,3
177,3
178,3
179,6
180,0
181,0
182,3
183,2
184,3
185,3
186,0
187,3
188,6
189,4
190,6
191,0
192,2
193,3
194,3
195,3
196,4
197,3
198,4
199,3
200,3
201,3
202,6
203,3
204,3
205,1
206,6
207,3
208,4
209,3
210,3
211,0
212,5
213,2
214,3
215,3
216,3
217,6
218,4
219,3
220,0
221,0
222,3
223,3
224,3
225,3
226,0
227,2
228,1
229,3
230,0
231,3
232,5
233,3
234,3
235,4
236,4
237,3
238,3
239,2
240,3
241,6
242,4
243,2
244,2
245,3
246,2
247,3
248,3
249,3
250,2
251,4
252,2
253,3
254,1
255,3
256,6
257,2
258,5
259,2
260,3
261,3
262,2
263,2
264,0
265,3
266,3
267,3
268,1
269,3
270,3
271,3
272,6
273,3
274,5
275,0
276,3
277,3
278,0
279,1
280,0
281,3
282,0
283,5
284,6
285,6
286,0
287,5
288,4
289,3
290,3
291,2
292,5
293,3
294,3
295,3
296,6
297,3
298,3
299,3
300,3
301,3
302,4
303,3
304,3
305,3
306,3
307,2
308,3
309,4
310,6
311,3
312,3
313,3
314,3
315,5
316,3
317,3
318,5
319,3
320,1
321,2
322,0
323,3
324,3
325,3
326,1
327,3
328,3
329,6
330,3
331,3
332,3
333,3
334,6
335,4
336,4
337,6
338,2
339,3
340,5
341,3
342,3
343,3
344,3
345,4
346,3
347,3
348,5
349,0
350,5
351,4
352,6
353,5
354,3
355,4
356,6
357,3
358,6
359,3
360,3
361,3
362,4
363,3
364,0
365,3
366,2
367,3
368,3
369,3
370,3
371,4
372,0
373,1
374,3
375,0
376,3
377,6
378,6
379,0
380,3
381,4
382,3
383,3
384,1
385,3
386,2
387,3
388,3
389,6
390,1
391,3
392,3
393,3
394,3
395,3
396,3
397,4
398,3
399,1
400,3
401,5
402,0
403,3
404,3
405,3
406,3
407,0
408,4
409,4
410,3
411,3
412,2
413,3
414,4
415,3
416,4
417,3
418,6
419,3
420,3
421,3
422,3
423,3
424,2
425,6
426,3
427,2
428,6
429,4
430,1
431,3
432,3
433,6
434,3
435,3
436,3
437,3
438,0
439,4
440,0
441,3
442,3
443,5
444,5
445,5
446,4
447,5
448,3
449,1
450,3
451,2
452,3
453,3
454,5
455,6
456,3
457,1
458,3
459,3
460,3
461,5
462,1
463,3
464,3
465,5
466,0
467,6
468,3
469,3
470,3
471,3
472,3
473,3
474,2
475,6
476,3
477,3
478,6
479,3
480,3
481,3
482,2
483,6
484,3
485,6
486,2
487,2
488,2
489,2
490,3
491,6
492,3
493,6
494,3
495,6
496,3
497,3
498,2
499,4
500,3
501,3
502,3
503,0
504,3
505,4
506,3
507,3
508,3
509,0
510,3
511,2
512,6
513,3
514,6
515,3
516,1
517,0
518,1
519,3
520,3
521,3
522,1
523,0
524,0
525,4
526,3
527,3
528,1
529,3
530,3
531,2
532,3
533,2
534,3
535,3
536,3
537,2
538,4
539,6
540,3
541,0
542,3
543,3
544,3
545,3
546,2
547,1
548,6
549,4
550,6
551,3
552,2
553,3
554,5
555,1
556,6
557,2
558,5
559,5
560,6
561,3
562,2
563,3
564,3
565,2
566,0
567,2
568,3
569,1
570,3
571,3
572,3
573,5
574,3
575,1
576,2
577,3
578,6
579,2
580,3
581,2
582,2
583,3
584,6
585,2
586,2
587,2
588,3
589,3
590,3
591,6
592,3
593,3
594,3
595,3
596,3
597,3
598,0
599,3
600,3
601,3
602,0
603,6
604,1
605,3
606,6
607,3
608,5
609,3
610,4
611,3
612,3
613,5
614,6
615,3
616,3
617,2
618,3
619,4
620,3
621,0
622,4
623,6
624,3
625,3
626,0
627,1
628,3
629,6
630,3
631,3
632,6
633,2
634,3
635,2
636,6
637,3
638,3
639,6
640,2
641,6
642,3
643,3
644,1
645,5
646,3
647,3
648,3
649,3
650,2
651,3
652,3
653,0
654,5
655,3
656,6
657,4
658,4
659,0
660,2
661,3
662,3
663,3
664,3
665,3
666,3
667,3
668,3
669,4
670,2
671,3
672,3
673,3
674,6
675,3
676,2
677,3
678,5
679,4
680,6
681,4
682,3
683,3
684,3
685,4
686,5
687,3
688,4
689,3
690,3
691,3
692,0
693,6
694,3
695,1
696,1
697,3
698,3
699,3
700,2
701,2
702,3
703,0
704,3
705,3
706,5
707,3
708,3
709,3
710,0
711,1
712,5
713,6
714,2
715,2
716,2
717,6
718,3
719,4
720,0
721,3
722,6
723,4
724,0
725,3
726,5
727,3
728,6
729,3
730,3
731,3
732,3
733,5
734,3
735,3
736,3
737,5
738,1
739,4
740,4
741,3
742,3
743,3
744,3
745,3
746,0
747,4
748,5
749,2
750,2
751,3
752,4
753,3
754,3
755,5
756,0
757,2
758,3
759,6
760,4
761,1
762,3
763,4
764,5
765,2
766,2
767,2
768,6
769,5
770,3
771,5
772,2
773,6
774,3
775,3
776,3
777,3
778,3
779,3
780,3
781,2
782,3
783,3
784,0
785,2
786,0
787,3
788,3
789,3
790,3
791,0
792,0
793,5
794,4
795,3
796,2
797,6
798,4
799,3
800,3
801,3
802,3
803,0
804,6
805,6
806,3
807,3
808,2
809,3
810,3
811,5
812,2
813,2
814,6
815,3
816,3
817,0
818,6
819,3
820,6
821,3
822,0
823,3
824,3
825,3
826,6
827,4
828,3
829,3
830,1
831,4
832,6
833,6
834,3
835,3
836,3
837,3
838,3
839,6
840,0
841,4
842,3
843,5
844,3
845,1
846,3
847,3
848,4
849,3
850,0
851,3
852,3
853,0
854,0
855,6
856,6
857,3
858,6
859,2
860,3
861,5
862,4
863,3
864,3
865,3
866,4
867,2
868,0
869,1
870,1
871,3
872,3
873,4
874,6
875,3
876,3
877,3
878,3
879,1
880,0
881,3
882,1
883,6
884,3
885,2
886,3
887,3
888,3
889,3
890,3
891,6
892,6
893,4
894,3
895,3
896,3
897,2
898,0
899,3
900,3
901,3
902,3
903,4
904,2
905,4
906,3
907,2
908,3
909,5
910,4
911,6
912,3
913,2
914,1
915,1
916,2
917,3
918,4
919,3
920,3
921,6
922,3
923,3
924,3
925,4
926,3
927,3
928,0
929,2
930,5
931,0
932,3
933,3
934,3
935,3
936,3
937,3
938,3
939,4
940,3
941,2
942,3
943,6
944,1
945,6
946,5
947,6
948,4
949,0
950,1
951,3
952,2
953,3
954,3
955,3
956,3
957,6
958,3
959,6
960,6
961,3
962,5
963,6
964,3
965,1
966,3
967,3
968,4
969,0
970,2
971,6
972,6
973,6
974,3
975,6
976,2
977,3
978,4
979,6
980,3
981,3
982,6
983,6
984,2
985,3
986,3
987,3
988,3
989,3
990,5
991,6
992,6
993,3
994,3
995,3
996,3
997,3
998,6
999,2
1000,3
1001,6
1002,3
1003,3
1004,2
1005,2
1006,3
1007,1
1008,2
1009,2
1010,6
1011,3
1012,3
1013,2
1014,6
1015,6
1016,3
1017,1
1018,3
1019,3
1020,1
1021,3
1022,6
1023,3
1024,6
1025,3
1026,6
1027,2
1028,1
1029,0
1030,3
1031,4
1032,3
1033,6
1034,3
1035,3
1036,3
1037,3
1038,3
1039,4
1040,3
1041,3
1042,3
1043,3
1044,1
1045,5
1046,3
1047,0
1048,3
1049,6
1050,3
1051,3
1052,1
1053,3
1054,3
1055,3
1056,3
1057,3
1058,4
1059,4
1060,3
1061,6
1062,3
1063,5
1064,6
1065,6
1066,3
1067,2
1068,3
1069,3
1070,3
1071,3
1072,1
1073,3
1074,3
1075,3
1076,3
1077,3
1078,3
1079,6
1080,3
1081,3
1082,3
1083,3
1084,3
1085,3
1086,6
1087,3
1088,1
1089,3
1090,3
1091,3
1092,3
1093,4
1094,6
1095,2
1096,3
1097,0
1098,3
1099,6
1100,2
1101,6
1102,3
1103,3
1104,1
1105,6
1106,6
1107,6
1108,2
1109,1
1110,3
1111,3
1112,3
1113,2
1114,5
1115,3
1116,5
1117,3
1118,3
1119,5
1120,3
1121,3
1122,6
1123,6
1124,1
1125,3
1126,3
1127,4
1128,2
1129,3
1130,3
1131,2
1132,3
1133,4
1134,3
1135,5
1136,3
1137,3
1138,2
1139,2
1140,3
1141,3
1142,3
1143,3
1144,3
1145,3
1146,3
1147,3
1148,2
1149,6
1150,4
1151,3
1152,3
1153,6
1154,6
1155,6
1156,3
1157,3
1158,3
1159,3
1160,6
1161,4
1162,0
1163,0
1164,1
1165,3
1166,3
1167,3
1168,2
1169,3
1170,4
1171,3
1172,3
1173,3
1174,3
1175,3
1176,3
1177,3
1178,2
1179,2
1180,0
1181,3
1182,3
1183,3
1184,3
1185,6
1186,0
1187,3
1188,0
1189,2
1190,3
1191,3
1192,1
1193,5
1194,3
1195,6
1196,0
1197,3
1198,0
1199,3
1200,3
1201,5
1202,3
1203,1
1204,3
1205,0
1206,6
1207,3
1208,6
1209,4
1210,4
1211,3
1212,2
1213,3
1214,2
1215,1
1216,3
1217,6
1218,0
1219,6
1220,3
1221,3
1222,3
1223,6
1224,3
1225,1
1226,2
1227,3
1228,2
1229,2
1230,4
1231,1
1232,2
1233,3
1234,5
1235,2
1236,1
1237,6
1238,3
1239,0
1240,3
1241,3
1242,3
1243,3
1244,3
1245,0
1246,3
1247,3
1248,3
1249,3
1250,3
1251,3
1252,5
1253,3
1254,6
1255,3
1256,3
1257,4
1258,3
1259,2
1260,3
1261,0
1262,1
1263,0
1264,0
1265,0
1266,3
1267,4
1268,3
1269,0
1270,6
1271,5
1272,2
1273,3
1274,4
1275,3
1276,1
1277,3
1278,0
1279,3
1280,2
1281,3
1282,3
1283,0
1284,3
1285,6
1286,2
1287,0
1288,6
1289,6
1290,3
1291,1
1292,3
1293,3
1294,3
1295,2
1296,3
1297,3
1298,4
1299,5
1300,6
1301,3
1302,6
1303,3
1304,1
1305,3
1306,4
1307,3
1308,6
1309,3
1310,3
1311,3
1312,0
1313,3
1314,3
1315,3
1316,2
1317,6
1318,0
1319,1
1320,1
1321,3
1322,5
1323,3
1324,3
1325,6
1326,4
1327,4
1328,0
1329,3
1330,0
1331,3
1332,4
1333,4
1334,3
1335,3
1336,2
1337,1
1338,2
1339,1
1340,3
1341,2
1342,3
1343,1
1344,6
1345,3
1346,3
1347,3
1348,3
1349,3
1350,3
1351,3
1352,4
1353,2
1354,2
1355,3
1356,5
1357,3
1358,3
1359,6
1360,3
1361,3
1362,6
1363,4
1364,3
1365,3
1366,6
1367,3
1368,0
1369,5
1370,0
1371,4
1372,3
1373,4
1374,3
1375,3
1376,3
1377,3
1378,3
1379,2
1380,0
1381,4
1382,3
1383,0
1384,6
1385,3
1386,6
1387,6
1388,6
1389,3
1390,2
1391,3
1392,3
1393,3
1394,3
1395,3
1396,3
1397,3
1398,4
1399,3
1400,3
1401,6
1402,3
1403,3
1404,4
1405,0
1406,5
1407,6
1408,3
1409,6
1410,3
1411,1
1412,3
1413,3
1414,4
1415,5
1416,6
1417,4
1418,0
1419,3
1420,1
1421,6
1422,2
1423,3
1424,3
1425,3
1426,3
1427,2
1428,0
1429,4
1430,4
1431,3
1432,3
1433,3
1434,3
1435,3
1436,3
1437,6
1438,4
1439,3
1440,1
1441,0
1442,1
1443,2
1444,5
1445,3
1446,3
1447,0
1448,4
1449,4
1450,3
1451,3
1452,2
1453,5
1454,3
1455,3
1456,3
1457,3
1458,6
1459,3
1460,0
1461,5
1462,3
1463,3
1464,3
1465,3
1466,4
1467,1
1468,3
1469,3
1470,3
1471,3
1472,6
1473,2
1474,0
1475,2
1476,5
1477,3
1478,3
1479,4
1480,1
1481,0
1482,6
1483,3
1484,5
1485,6
1486,2
1487,4
1488,2
1489,6
1490,3
1491,6
1492,3
1493,6
1494,3
1495,4
1496,3
1497,3
1498,3
1499,4
1500,3
1501,1
1502,6
1503,3
1504,3
1505,5
1506,3
1507,2
1508,6
1509,3
1510,2
1511,2
1512,3
1513,0
1514,6
1515,0
1516,3
1517,4
1518,3
1519,0
1520,0
1521,3
1522,3
1523,3
1524,6
1525,1
1526,3
1527,0
1528,3
1529,3
1530,3
1531,3
1532,3
1533,3
1534,1
1535,3
1536,0
1537,2
1538,2
1539,4
1540,3
1541,3
1542,3
1543,3
1544,4
1545,0
1546,5
1547,0
1548,6
1549,3
1550,4
1551,3
1552,4
1553,1
1554,4
1555,4
1556,3
1557,1
1558,3
1559,6
1560,5
1561,3
1562,3
1563,3
1564,3
1565,5
1566,3
1567,3
1568,3
1569,1
1570,4
1571,3
1572,2
1573,6
1574,3
1575,2
1576,2
1577,3
1578,6
1579,3
1580,6
1581,6
1582,3
1583,4
1584,3
1585,3
1586,6
1587,3
1588,2
1589,2
1590,3
1591,3
1592,3
1593,2
1594,3
1595,0
1596,3
1597,3
1598,4
1599,3
1600,2
1601,3
1602,2
1603,4
1604,3
1605,4
1606,5
1607,0
1608,3
1609,3
1610,3
1611,3
1612,6
1613,5
1614,3
1615,1
1616,3
1617,3
1618,3
1619,0
1620,5
1621,2
1622,3
1623,3
1624,0
1625,3
1626,3
1627,3
1628,3
1629,0
1630,3
1631,3
1632,6
1633,3
1634,4
1635,6
1636,0
1637,3
1638,4
1639,3
1640,3
1641,3
1642,5
1643,3
1644,3
1645,1
1646,3
1647,3
1648,3
1649,5
1650,3
1651,3
1652,3
1653,6
1654,3
1655,6
1656,4
1657,3
1658,3
1659,2
1660,3
1661,3
1662,0
1663,3
1664,2
1665,3
1666,3
1667,3
1668,4
1669,6
1670,3
1671,6
1672,2
1673,3
1674,3
1675,5
1676,3
1677,6
1678,6
1679,3
1680,6
1681,3
1682,4
1683,3
1684,0
1685,6
1686,5
1687,6
1688,5
1689,3
1690,3
1691,3
1692,6
1693,5
1694,3
1695,4
1696,5
1697,6
1698,4
1699,3
1700,2
1701,2
1702,3
1703,0
1704,1
1705,0
1706,0
1707,3
1708,0
1709,1
1710,1
1711,1
1712,3
1713,3
1714,3
1715,3
1716,3
1717,0
1718,3
1719,5
1720,0
1721,4
1722,3
1723,5
1724,3
1725,3
1726,6
1727,3
1728,2
1729,3
1730,0
1731,0
1732,3
1733,3
1734,3
1735,3
1736,3
1737,6
1738,2
1739,0
1740,3
1741,3
1742,0
1743,4
1744,4
1745,4
1746,4
1747,3
1748,3
1749,3
1750,0
1751,3
1752,3
1753,3
1754,3
1755,6
1756,0
1757,3
1758,3
1759,0
1760,3
1761,0
1762,6
1763,3
1764,3
1765,2
1766,3
1767,3
1768,3
1769,2
1770,3
1771,3
1772,3
1773,3
1774,2
1775,3
1776,3
1777,4
1778,0
1779,4
1780,5
1781,3
1782,1
1783,1
1784,1
1785,3
1786,2
1787,3
1788,6
1789,3
1790,4
1791,2
1792,3
1793,3
1794,5
1795,3
1796,1
1797,1
1798,2
1799,3
1800,6
1801,3
1802,3
1803,3
1804,2
1805,3
1806,6
1807,1
1808,5
1809,6
1810,1
1811,3
1812,3
1813,0
1814,5
1815,3
1816,3
1817,2
1818,3
1819,2
1820,3
1821,0
1822,3
1823,5
1824,5
1825,3
1826,3
1827,6
1828,4
1829,5
1830,4
1831,6
1832,4
1833,6
1834,3
1835,0
1836,3
1837,3
1838,3
1839,2
1840,3
1841,3
1842,3
1843,6
1844,3
1845,0
1846,3
1847,6
1848,3
1849,3
1850,6
1851,3
1852,3
1853,0
1854,3
1855,3
1856,2
1857,3
1858,3
1859,3
1860,3
1861,0
1862,2
1863,3
1864,4
1865,6
1866,2
1867,6
1868,0
1869,3
1870,3
1871,2
1872,4
1873,3
1874,6
1875,5
1876,5
1877,0
1878,6
1879,2
1880,3
1881,3
1882,3
1883,3
1884,3
1885,6
1886,2
1887,3
1888,3
1889,2
1890,5
1891,3
1892,0
1893,0
1894,0
1895,2
1896,0
1897,1
1898,3
1899,3
1900,6
1901,1
1902,5
1903,3
1904,4
1905,3
1906,6
1907,1
1908,3
1909,5
1910,5
1911,5
1912,0
1913,2
1914,5
1915,3
1916,1
1917,3
1918,2
1919,0
1920,3
1921,3
1922,3
1923,4
1924,3
1925,1
1926,5
1927,5
1928,4
1929,3
1930,3
1931,3
1932,0
1933,3
1934,3
1935,3
1936,4
1937,6
1938,4
1939,3
1940,3
1941,3
1942,3
1943,5
1944,3
1945,6
1946,4
1947,3
1948,3
1949,3
1950,0
1951,3
1952,3
1953,3
1954,3
1955,0
1956,3
1957,6
1958,1
1959,3
1960,1
1961,4
1962,2
1963,3
1964,2
1965,3
1966,3
1967,3
1968,3
1969,0
1970,6
1971,4
1972,0
1973,6
1974,3
1975,5
1976,4
1977,3
1978,3
1979,3
1980,3
1981,6
1982,3
1983,3
1984,4
1985,1
1986,3
1987,6
1988,3
1989,3
1990,3
1991,3
1992,6
1993,3
1994,3
1995,1
1996,4
1997,4
1998,6
1999,5
2000,0
2001,1
2002,5
2003,6
2004,6
2005,3
2006,5
2007,3
2008,3
2009,3
2010,3
2011,3
2012,3
2013,0
2014,3
2015,6
2016,3
2017,6
2018,3
2019,1
2020,4
2021,1
2022,0
2023,6
2024,3
2025,3
2026,1
2027,0
2028,3
2029,2
2030,3
2031,6
2032,2
2033,2
2034,3
2035,3
2036,3
2037,3
2038,3
2039,3
2040,0
2041,3
2042,3
2043,3
2044,4
2045,2
2046,6
2047,4
2048,4
2049,3
2050,3
2051,0
2052,3
2053,3
2054,4
2055,0
2056,5
2057,3
2058,2
2059,0
2060,3
2061,6
2062,3
2063,3
2064,6
2065,6
2066,3
2067,3
2068,6
2069,3
2070,6
2071,3
2072,3
2073,5
2074,6
2075,3
2076,3
2077,3
2078,3
2079,3
2080,0
2081,3
2082,3
2083,3
2084,3
2085,3
2086,6
2087,2
2088,3
2089,5
2090,6
2091,3
2092,3
2093,3
2094,3
2095,6
2096,3
2097,1
2098,2
2099,3
2100,4
2101,3
2102,2
2103,2
2104,0
2105,6
2106,3
2107,2
2108,3
2109,4
2110,3
2111,3
2112,0
2113,3
2114,2
2115,6
2116,3
2117,3
2118,3
2119,3
2120,3
2121,3
2122,3
2123,3
2124,2
2125,3
2126,3
2127,3
2128,3
2129,0
2130,2
2131,2
2132,3
2133,4
2134,3
2135,6
2136,4
2137,1
2138,3
2139,3
2140,2
2141,3
2142,5
2143,0
2144,3
2145,6
2146,3
2147,3
2148,6
2149,3
2150,5
2151,5
2152,1
2153,3
2154,6
2155,3
2156,3
2157,2
2158,3
2159,3
2160,4
2161,3
2162,3
2163,5
2164,2
2165,3
2166,3
2167,3
2168,6
2169,3
2170,4
2171,3
2172,3
2173,5
2174,3
2175,3
2176,1
2177,3
2178,6
2179,5
2180,3
2181,3
2182,4
2183,3
2184,6
2185,4
2186,3
2187,6
2188,3
2189,6
2190,1
2191,3
2192,6
2193,5
2194,1
2195,3
2196,3
2197,3
2198,1
2199,3
2200,3
2201,5
2202,6
2203,3
2204,3
2205,3
2206,0
2207,6
2208,3
2209,3
2210,3
2211,1
2212,6
2213,3
2214,3
2215,4
2216,4
2217,3
2218,3
2219,3
2220,3
2221,4
2222,3
2223,1
2224,3
2225,3
2226,6
2227,6
2228,2
2229,4
2230,3
2231,0
2232,4
2233,1
2234,2
2235,0
2236,5
2237,0
2238,2
2239,3
2240,5
2241,4
2242,3
2243,3
2244,5
2245,3
2246,6
2247,6
2248,3
2249,0
2250,3
2251,0
2252,3
2253,3
2254,3
2255,3
2256,3
2257,6
2258,0
2259,5
2260,0
2261,6
2262,4
2263,3
2264,6
2265,3
2266,5
2267,3
2268,3
2269,6
2270,2
2271,3
2272,6
2273,2
2274,3
2275,6
2276,3
2277,3
2278,3
2279,3
2280,5
2281,0
2282,3
2283,6
2284,3
2285,3
2286,3
2287,3
2288,3
2289,6
2290,3
2291,3
2292,6
2293,3
2294,5
2295,3
2296,3
2297,3
2298,3
2299,0
2300,3
2301,6
2302,3
2303,3
2304,3
2305,3
2306,6
2307,3
2308,3
2309,3
2310,3
2311,3
2312,0
2313,2
2314,3
2315,0
2316,0
2317,3
2318,2
2319,3
2320,1
2321,1
2322,3
2323,4
2324,0
2325,3
2326,2
2327,3
2328,2
2329,6
2330,5
2331,6
2332,3
2333,3
2334,3
2335,0
2336,3
2337,2
2338,6
2339,3
2340,3
2341,1
2342,1
2343,4
2344,4
2345,3
2346,1
2347,3
2348,3
2349,6
2350,3
2351,2
2352,3
2353,3
2354,3
2355,1
2356,4
2357,3
2358,3
2359,3
2360,3
2361,3
2362,0
2363,0
2364,3
2365,3
2366,3
2367,2
2368,3
2369,3
2370,0
2371,4
2372,3
2373,4
2374,3
2375,6
2376,3
2377,3
2378,1
2379,4
2380,3
2381,3
2382,3
2383,3
2384,3
2385,2
2386,3
2387,3
2388,3
2389,3
2390,3
2391,6
2392,3
2393,2
2394,3
2395,3
2396,0
2397,4
2398,2
2399,3
2400,3
2401,4
2402,3
2403,3
2404,3
2405,2
2406,5
2407,3
2408,1
2409,3
2410,3
2411,6
2412,3
2413,5
2414,6
2415,3
2416,5
2417,6
2418,3
2419,5
2420,3
2421,0
2422,3
2423,6
2424,6
2425,0
2426,3
2427,3
2428,3
2429,4
2430,5
2431,3
2432,1
2433,3
2434,6
2435,1
2436,6
2437,2
2438,3
2439,3
2440,3
2441,3
2442,1
2443,2
2444,2
2445,2
2446,0
2447,3
2448,3
2449,3
2450,4
2451,3
2452,1
2453,5
2454,4
2455,6
2456,3
2457,3
2458,3
2459,6
2460,3
2461,3
2462,6
2463,1
2464,3
2465,1
2466,6
2467,3
2468,4
2469,6
2470,3
2471,1
2472,3
2473,3
2474,3
2475,4
2476,6
2477,3
2478,3
2479,0
2480,5
2481,0
2482,0
2483,6
2484,3
2485,4
2486,1
2487,4
2488,6
2489,4
2490,4
2491,3
2492,3
2493,3
2494,0
2495,2
2496,2
2497,5
2498,2
2499,3
2500,3
2501,3
2502,3
2503,3
2504,3
2505,5
2506,5
2507,6
2508,3
2509,0
2510,3
2511,6
2512,2
2513,5
2514,3
2515,3
2516,3
2517,5
2518,3
2519,4
2520,6
2521,3
2522,3
2523,3
2524,4
2525,3
2526,3
2527,3
2528,2
2529,3
2530,2
2531,3
2532,3
2533,3
2534,1
2535,3
2536,3
2537,2
2538,2
2539,3
2540,3
2541,6
2542,6
2543,2
2544,2
2545,4
2546,3
2547,6
2548,4
2549,5
2550,3
2551,3
2552,0
2553,5
2554,4
2555,3
2556,3
2557,2
2558,5
2559,3
2560,3
2561,4
2562,3
2563,3
2564,3
2565,3
2566,1
2567,6
2568,3
2569,2
2570,6
2571,1
2572,3
2573,0
2574,6
2575,3
2576,3
2577,6
2578,3
2579,6
2580,3
2581,3
2582,3
2583,6
2584,3
2585,3
2586,3
2587,3
2588,3
2589,6
2590,3
2591,3
2592,3
2593,3
2594,0
2595,3
2596,3
2597,3
2598,3
2599,0
2600,3
2601,3
2602,3
2603,3
2604,0
2605,3
2606,2
2607,4
2608,3
2609,5
2610,2
2611,3
2612,3
2613,3
2614,3
2615,3
2616,6
2617,0
2618,3
2619,6
2620,5
2621,6
2622,3
2623,3
2624,3
2625,3
2626,6
2627,4
2628,3
2629,3
2630,0
2631,3
2632,5
2633,3
2634,6
2635,6
2636,3
2637,3
2638,0
2639,0
2640,3
2641,0
2642,4
2643,3
2644,6
2645,1
2646,6
2647,3
2648,3
2649,3
2650,5
2651,6
2652,3
2653,3
2654,3
2655,5
2656,6
2657,3
2658,3
2659,3
2660,6
2661,3
2662,2
2663,3
2664,3
2665,3
2666,3
2667,3
2668,5
2669,3
2670,6
2671,0
2672,3
2673,6
2674,5
2675,3
2676,6
2677,2
2678,3
2679,3
2680,6
2681,3
2682,0
2683,3
2684,3
2685,3
2686,3
2687,5
2688,2
2689,3
2690,1
2691,3
2692,4
2693,6
2694,3
2695,0
2696,3
2697,6
2698,6
2699,3
2700,3
2701,5
2702,2
2703,3
2704,5
2705,3
2706,3
2707,0
2708,5
2709,4
2710,6
2711,2
2712,3
2713,3
2714,3
2715,5
2716,3
2717,3
2718,3
2719,3
2720,6
2721,4
2722,6
2723,6
2724,3
2725,3
2726,1
2727,3
2728,0
2729,2
2730,3
2731,3
2732,5
2733,1
2734,3
2735,3
2736,3
2737,6
2738,3
2739,3
2740,4
2741,5
2742,3
2743,3
2744,1
2745,3
2746,0
2747,3
2748,3
2749,3
2750,3
2751,6
2752,0
2753,2
2754,3
2755,6
2756,5
2757,3
2758,4
2759,2
2760,3
2761,6
2762,3
2763,5
2764,3
2765,3
2766,3
2767,5
2768,3
2769,0
2770,6
2771,5
2772,5
2773,3
2774,0
2775,3
2776,3
2777,3
2778,6
2779,6
2780,3
2781,1
2782,4
2783,6
2784,3
2785,3
2786,4
2787,3
2788,3
2789,3
2790,3
2791,3
2792,3
2793,3
2794,0
2795,6
2796,6
2797,5
2798,3
2799,3
2800,2
2801,3
2802,5
2803,3
2804,0
2805,6
2806,5
2807,4
2808,3
2809,6
2810,3
2811,0
2812,3
2813,6
2814,6
2815,2
2816,1
2817,4
2818,3
2819,3
2820,3
2821,6
2822,3
2823,3
2824,2
2825,3
2826,6
2827,5
2828,3
2829,0
2830,3
2831,6
2832,3
2833,3
2834,1
2835,3
2836,3
2837,3
2838,6
2839,4
2840,0
2841,3
2842,3
2843,3
2844,3
2845,5
2846,0
2847,3
2848,6
2849,4
2850,6
2851,5
2852,2
2853,4
2854,3
2855,3
2856,0
2857,3
2858,1
2859,0
2860,3
2861,0
2862,3
2863,3
2864,3
2865,1
2866,3
2867,6
2868,4
2869,3
2870,3
2871,1
2872,6
2873,2
2874,3
2875,3
2876,6
2877,3
2878,3
2879,3
2880,1
2881,3
2882,6
2883,4
2884,3
2885,3
2886,6
2887,3
2888,3
2889,5
2890,3
2891,3
2892,3
2893,3
2894,6
2895,3
2896,0
2897,6
2898,1
2899,2
2900,6
2901,3
2902,3
2903,3
2904,2
2905,6
2906,3
2907,2
2908,0
2909,3
2910,5
2911,2
2912,2
2913,1
2914,6
2915,3
2916,3
2917,6
2918,3
2919,0
2920,3
2921,3
2922,3
2923,6
2924,0
2925,4
2926,3
2927,4
2928,1
2929,5
2930,2
2931,3
2932,4
2933,3
2934,0
2935,2
2936,0
2937,3
2938,3
2939,0
2940,6
2941,3
2942,3
2943,3
2944,3
2945,1
2946,2
2947,3
2948,3
2949,3
2950,6
2951,3
2952,3
2953,6
2954,5
2955,6
2956,3
2957,2
2958,6
2959,2
2960,2
2961,2
2962,3
2963,3
2964,0
2965,1
2966,3
2967,6
2968,3
2969,0
2970,6
2971,0
2972,6
2973,6
2974,3
2975,3
2976,5
2977,2
2978,3
2979,3
2980,3
2981,6
2982,3
2983,3
2984,3
2985,0
2986,5
2987,3
2988,3
2989,3
2990,0
2991,0
2992,3
2993,6
2994,3
2995,6
2996,3
2997,3
2998,3
2999,0
3000,5
3001,3
3002,6
3003,3
3004,3
3005,3
3006,3
3007,3
3008,1
3009,4
3010,4
3011,0
3012,3
3013,3
3014,3
3015,0
3016,3
3017,1
3018,3
3019,2
3020,0
3021,3
3022,3
3023,1
3024,0
3025,1
3026,6
3027,3
3028,0
3029,6
3030,3
3031,3
3032,4
3033,3
3034,3
3035,3
3036,3
3037,5
3038,4
3039,3
3040,0
3041,6
3042,3
3043,5
3044,6
3045,2
3046,3
3047,3
3048,3
3049,5
3050,6
3051,3
3052,6
3053,3
3054,6
3055,3
3056,3
3057,4
3058,0
3059,2
3060,2
3061,0
3062,6
3063,3
3064,3
3065,3
3066,2
3067,5
3068,5
3069,3
3070,6
3071,3
3072,3
3073,3
3074,6
3075,2
3076,2
3077,6
3078,4
3079,0
3080,3
3081,3
3082,3
3083,0
3084,4
3085,6
3086,4
3087,3
3088,2
3089,3
3090,6
3091,3
3092,4
3093,3
3094,2
3095,2
3096,4
3097,3
3098,2
3099,5
3100,3
3101,3
3102,3
3103,1
3104,3
3105,3
3106,2
3107,3
3108,6
3109,3
3110,3
3111,3
3112,0
3113,4
3114,3
3115,3
3116,3
3117,3
3118,1
3119,1
3120,3
3121,3
3122,3
3123,5
3124,3
3125,3
3126,1
3127,4
3128,6
3129,3
3130,3
3131,4
3132,4
3133,3
3134,6
3135,4
3136,1
3137,1
3138,6
3139,5
3140,3
3141,3
3142,3
3143,3
3144,3
3145,6
3146,3
3147,3
3148,3
3149,2
3150,5
3151,1
3152,5
3153,3
3154,3
3155,3
3156,6
3157,2
3158,0
3159,1
3160,3
3161,3
3162,6
3163,2
3164,6
3165,3
3166,2
3167,5
3168,4
3169,1
3170,0
3171,6
3172,6
3173,2
3174,3
3175,5
3176,6
3177,3
3178,3
3179,3
3180,3
3181,4
3182,1
3183,3
3184,2
3185,3
3186,3
3187,3
3188,3
3189,3
3190,3
3191,6
3192,3
3193,6
3194,2
3195,6
3196,3
3197,0
3198,3
3199,3
3200,2
3201,4
3202,3
3203,4
3204,0
3205,0
3206,6
3207,3
3208,3
3209,3
3210,5
3211,3
3212,3
3213,3
3214,3
3215,3
3216,3
3217,4
3218,2
3219,0
3220,3
3221,2
3222,2
3223,0
3224,6
3225,0
3226,4
3227,3
3228,5
3229,2
3230,3
3231,3
3232,3
3233,3
3234,4
3235,3
3236,3
3237,3
3238,4
3239,6
3240,1
3241,3
3242,4
3243,3
3244,6
3245,3
3246,3
3247,3
3248,0
3249,1
3250,1
3251,3
3252,3
3253,3
3254,3
3255,4
3256,2
3257,2
3258,4
3259,6
3260,3
3261,4
3262,3
3263,4
3264,3
3265,3
3266,5
3267,3
3268,3
3269,6
3270,5
3271,2
3272,4
3273,3
3274,3
3275,0
3276,6
3277,3
3278,6
3279,3
3280,3
3281,3
3282,0
3283,3
3284,2
3285,5
3286,3
3287,3
3288,0
3289,3
3290,3
3291,0
3292,3
3293,6
3294,3
3295,2
3296,3
3297,3
3298,6
3299,3
3300,1
3301,0
3302,3
3303,3
3304,3
3305,3
3306,3
3307,3
3308,3
3309,3
3310,5
3311,3
3312,2
3313,6
3314,2
3315,1
3316,6
3317,2
3318,6
3319,6
3320,1
3321,3
3322,0
3323,3
3324,0
3325,3
3326,1
3327,0
3328,3
3329,3
3330,3
3331,2
3332,3
3333,1
3334,0
3335,6
3336,2
3337,3
3338,2
3339,3
3340,4
3341,3
3342,3
3343,2
3344,0
3345,6
3346,6
3347,3
3348,2
3349,3
3350,3
3351,6
3352,2
3353,2
3354,3
3355,6
3356,4
3357,3
3358,5
3359,4
3360,4
3361,5
3362,3
3363,3
3364,6
3365,3
3366,3
3367,3
3368,3
3369,2
3370,6
3371,3
3372,3
3373,6
3374,1
3375,3
3376,5
3377,6
3378,3
3379,6
3380,1
3381,3
3382,6
3383,6
3384,3
3385,0
3386,3
3387,2
3388,6
3389,3
3390,3
3391,3
3392,3
3393,5
3394,3
3395,3
3396,1
3397,3
3398,3
3399,4
3400,4
3401,6
3402,3
3403,3
3404,1
3405,6
3406,5
3407,6
3408,3
3409,3
3410,4
3411,5
3412,2
3413,3
3414,3
3415,3
3416,3
3417,3
3418,3
3419,0
3420,3
3421,3
3422,3
3423,0
3424,0
3425,3
3426,4
3427,3
3428,3
3429,3
3430,3
3431,3
3432,3
3433,6
3434,6
3435,3
3436,6
3437,2
3438,2
3439,3
3440,6
3441,4
3442,3
3443,6
3444,0
3445,3
3446,0
3447,5
3448,5
3449,6
3450,3
3451,2
3452,3
3453,3
3454,6
3455,3
3456,3
3457,5
3458,3
3459,6
3460,2
3461,0
3462,3
3463,2
3464,4
3465,2
3466,2
3467,3
3468,3
3469,6
3470,3
3471,3
3472,3
3473,0
3474,3
3475,3
3476,3
3477,3
3478,3
3479,3
3480,5
3481,3
3482,5
3483,3
3484,3
3485,6
3486,2
3487,0
3488,3
3489,3
3490,4
3491,3
3492,3
3493,3
3494,3
3495,3
3496,3
3497,3
3498,5
3499,3
3500,2
3501,6
3502,3
3503,3
3504,4
3505,3
3506,4
3507,2
3508,5
3509,3
3510,3
3511,6
3512,6
3513,3
3514,4
3515,3
3516,3
3517,3
3518,3
3519,3
3520,6
3521,1
3522,3
3523,3
3524,3
3525,3
3526,6
3527,5
3528,3
3529,5
3530,5
3531,3
3532,2
3533,3
3534,3
3535,5
3536,3
3537,3
3538,3
3539,3
3540,0
3541,3
3542,3
3543,3
3544,3
3545,3
3546,3
3547,2
3548,4
3549,2
3550,3
3551,6
3552,4
3553,4
3554,5
3555,0
3556,3
3557,6
3558,3
3559,3
3560,2
3561,0
3562,3
3563,3
3564,5
3565,3
3566,1
3567,5
3568,3
3569,3
3570,3
3571,3
3572,3
3573,5
3574,6
3575,6
3576,3
3577,3
3578,0
3579,4
3580,3
3581,3
3582,1
3583,3
3584,2
3585,3
3586,5
3587,6
3588,1
3589,3
3590,1
3591,3
3592,3
3593,3
3594,3
3595,6
3596,0
3597,0
3598,0
3599,3
3600,3
3601,3
3602,6
3603,3
3604,3
3605,3
3606,2
3607,3
3608,3
3609,1
3610,6
3611,2
3612,2
3613,3
3614,3
3615,3
3616,4
3617,6
3618,5
3619,4
3620,1
3621,3
3622,6
3623,0
3624,3
3625,3
3626,5
3627,6
3628,3
3629,1
3630,2
3631,3
3632,3
3633,2
3634,3
3635,3
3636,3
3637,4
3638,3
3639,3
3640,0
3641,2
3642,6
3643,3
3644,2
3645,3
3646,3
3647,2
3648,3
3649,3
3650,3
3651,0
3652,3
3653,3
3654,3
3655,1
3656,3
3657,5
3658,6
3659,3
3660,3
3661,2
3662,3
3663,3
3664,0
3665,0
3666,3
3667,3
3668,3
3669,3
3670,2
3671,2
3672,3
3673,3
3674,2
3675,0
3676,3
3677,5
3678,3
3679,3
3680,4
3681,3
3682,4
3683,2
3684,6
3685,0
3686,3
3687,3
3688,2
3689,6
3690,2
3691,3
3692,3
3693,3
3694,2
3695,3
3696,2
3697,3
3698,6
3699,6
3700,3
3701,4
3702,3
3703,2
3704,3
3705,6
3706,5
3707,3
3708,3
3709,5
3710,0
3711,6
3712,3
3713,2
3714,1
3715,4
3716,6
3717,3
3718,3
3719,1
3720,5
3721,3
3722,2
3723,6
3724,3
3725,3
3726,3
3727,2
3728,5
3729,4
3730,3
3731,3
3732,3
3733,4
3734,3
3735,3
3736,5
3737,3
3738,0
3739,3
3740,3
3741,3
3742,3
3743,1
3744,0
3745,3
3746,0
3747,3
3748,2
3749,3
3750,6
3751,6
3752,3
3753,0
3754,6
3755,3
3756,0
3757,4
3758,3
3759,3
3760,3
3761,2
3762,3
3763,3
3764,3
3765,0
3766,3
3767,0
3768,3
3769,1
3770,4
3771,3
3772,3
3773,0
3774,3
3775,3
3776,3
3777,6
3778,3
3779,3
3780,4
3781,4
3782,3
3783,5
3784,3
3785,0
3786,3
3787,4
3788,3
3789,4
3790,1
3791,1
3792,4
3793,6
3794,3
3795,0
3796,3
3797,0
3798,3
3799,2
3800,3
3801,6
3802,3
3803,3
3804,3
3805,5
3806,3
3807,6
3808,3
3809,6
3810,6
3811,3
3812,1
3813,1
3814,3
3815,3
3816,2
3817,2
3818,3
3819,4
3820,3
3821,3
3822,3
3823,4
3824,1
3825,6
3826,4
3827,3
3828,3
3829,3
3830,3
3831,0
3832,3
3833,3
3834,3
3835,0
3836,3
3837,1
3838,3
3839,3
3840,0
3841,4
3842,3
3843,3
3844,6
3845,6
3846,3
3847,2
3848,2
3849,3
3850,6
3851,1
3852,3
3853,3
3854,3
3855,4
3856,3
3857,3
3858,3
3859,3
3860,3
3861,4
3862,3
3863,6
3864,3
3865,3
3866,6
3867,2
3868,3
3869,3
3870,6
3871,0
3872,3
3873,2
3874,3
3875,3
3876,2
3877,4
3878,3
3879,3
3880,0
3881,3
3882,6
3883,6
3884,1
3885,3
3886,3
3887,3
3888,4
3889,6
3890,4
3891,4
3892,4
3893,3
3894,3
3895,3
3896,3
3897,1
3898,6
3899,0
3900,3
3901,3
3902,3
3903,3
3904,6
3905,3
3906,6
3907,5
3908,6
3909,4
3910,3
3911,3
3912,0
3913,3
3914,0
3915,4
3916,3
3917,6
3918,3
3919,3
3920,2
3921,3
3922,3
3923,3
3924,3
3925,6
3926,3
3927,3
3928,2
3929,2
3930,3
3931,0
3932,3
3933,1
3934,5
3935,3
3936,0
3937,3
3938,2
3939,3
3940,5
3941,3
3942,2
3943,3
3944,3
3945,3
3946,4
3947,3
3948,3
3949,3
3950,5
3951,6
3952,6
3953,3
3954,3
3955,3
3956,3
3957,3
3958,3
3959,6
3960,0
3961,6
3962,3
3963,6
3964,4
3965,3
3966,3
3967,3
3968,2
3969,3
3970,3
3971,0
3972,6
3973,4
3974,5
3975,5
3976,3
3977,3
3978,3
3979,2
3980,3
3981,4
3982,3
3983,3
3984,3
3985,4
3986,6
3987,3
3988,6
3989,0
3990,4
3991,3
3992,3
3993,2
3994,3
3995,3
3996,3
3997,6
3998,3
3999,1
4000,3
4001,4
4002,3
4003,3
4004,2
4005,3
4006,3
4007,3
4008,3
4009,1
4010,3
4011,6
4012,4
4013,0
4014,1
4015,3
4016,4
4017,0
4018,3
4019,5
4020,3
4021,0
4022,6
4023,3
4024,6
4025,3
4026,3
4027,3
4028,2
4029,6
4030,4
4031,0
4032,6
4033,2
4034,2
4035,3
4036,3
4037,1
4038,4
4039,5
4040,3
4041,3
4042,3
4043,3
4044,2
4045,3
4046,2
4047,3
4048,0
4049,3
4050,3
4051,3
4052,1
4053,0
4054,3
4055,5
4056,6
4057,3
4058,6
4059,3
4060,6
4061,3
4062,6
4063,1
4064,6
4065,6
4066,3
4067,0
4068,4
4069,3
4070,1
4071,3
4072,4
4073,3
4074,2
4075,6
4076,3
4077,6
4078,6
4079,3
4080,3
4081,3
4082,6
4083,6
4084,6
4085,3
4086,4
4087,6
4088,3
4089,6
4090,3
4091,4
4092,3
4093,3
4094,4
4095,3
4096,3
4097,3
4098,4
4099,3
4100,1
4101,6
4102,1
4103,5
4104,3
4105,3
4106,4
4107,3
4108,6
4109,6
4110,1
4111,3
4112,3
4113,2
4114,3
4115,3
4116,3
4117,1
4118,3
4119,3
4120,6
4121,5
4122,3
4123,3
4124,3
4125,3
4126,1
4127,3
4128,3
4129,2
4130,5
4131,0
4132,3
4133,6
4134,4
4135,3
4136,3
4137,3
4138,3
4139,3
4140,3
4141,3
4142,3
4143,3
4144,3
4145,5
4146,3
4147,0
4148,0
4149,3
4150,4
4151,6
4152,3
4153,6
4154,3
4155,2
4156,1
4157,3
4158,3
4159,0
4160,4
4161,2
4162,3
4163,3
4164,3
4165,2
4166,3
4167,4
4168,3
4169,4
4170,3
4171,3
4172,0
4173,5
4174,0
4175,5
4176,3
4177,3
4178,3
4179,3
4180,3
4181,3
4182,3
4183,3
4184,2
4185,4
4186,6
4187,1
4188,3
4189,3
4190,3
4191,3
4192,3
4193,0
4194,2
4195,2
4196,4
4197,0
4198,5
4199,5
4200,3
4201,5
4202,0
4203,2
4204,3
4205,5
4206,6
4207,3
4208,3
4209,3
4210,3
4211,1
4212,3
4213,3
4214,3
4215,6
4216,3
4217,0
4218,6
4219,2
4220,3
4221,2
4222,1
4223,6
4224,1
4225,3
4226,3
4227,3
4228,6
4229,3
4230,4
4231,3
4232,3
4233,3
4234,3
4235,3
4236,3
4237,3
4238,3
4239,3
4240,1
4241,3
4242,3
4243,4
4244,4
4245,6
4246,3
4247,6
4248,1
4249,3
4250,3
4251,3
4252,3
4253,3
4254,3
4255,2
4256,3
4257,6
4258,3
4259,2
4260,0
4261,6
4262,3
4263,3
4264,2
4265,6
4266,3
4267,0
4268,5
4269,6
4270,3
4271,4
4272,6
4273,2
4274,6
4275,3
4276,4
4277,3
4278,0
4279,4
4280,4
4281,3
4282,3
4283,3
4284,1
4285,4
4286,3
4287,3
4288,3
4289,6
4290,3
4291,3
4292,2
4293,3
4294,4
4295,0
4296,3
4297,6
4298,3
4299,0
4300,3
4301,6
4302,1
4303,5
4304,3
4305,0
4306,4
4307,3
4308,6
4309,4
4310,6
4311,3
4312,1
4313,1
4314,3
4315,5
4316,3
4317,3
4318,3
4319,3
4320,4
4321,2
4322,6
4323,6
4324,4
4325,5
4326,3
4327,3
4328,3
4329,6
4330,3
4331,3
4332,3
4333,3
4334,2
4335,3
4336,6
4337,4
4338,3
4339,3
4340,2
4341,3
4342,6
4343,3
4344,3
4345,3
4346,3
4347,3
4348,1
4349,3
4350,2
4351,2
4352,3
4353,6
4354,6
4355,4
4356,6
4357,5
4358,3
4359,1
4360,2
4361,3
4362,3
4363,3
4364,3
4365,4
4366,2
4367,3
4368,4
4369,4
4370,1
4371,2
4372,2
4373,3
4374,0
4375,2
4376,3
4377,0
4378,4
4379,6
4380,3
4381,3
4382,3
4383,3
4384,3
4385,4
4386,2
4387,0
4388,3
4389,1
4390,3
4391,6
4392,3
4393,4
4394,5
4395,4
4396,3
4397,5
4398,3
4399,0
4400,3
4401,4
4402,4
4403,3
4404,3
4405,2
4406,6
4407,3
4408,3
4409,3
4410,2
4411,3
4412,4
4413,3
4414,6
4415,3
4416,3
4417,3
4418,3
4419,3
4420,4
4421,3
4422,6
4423,6
4424,1
4425,1
4426,1
4427,3
4428,6
4429,3
4430,3
4431,3
4432,0
4433,3
4434,3
4435,5
4436,0
4437,3
4438,3
4439,3
4440,3
4441,3
4442,1
4443,3
4444,3
4445,0
4446,2
4447,3
4448,6
4449,3
4450,3
4451,6
4452,3
4453,3
4454,3
4455,6
4456,2
4457,6
4458,3
4459,3
4460,0
4461,2
4462,6
4463,3
4464,1
4465,1
4466,3
4467,4
4468,3
4469,0
4470,0
4471,3
4472,6
4473,3
4474,5
4475,3
4476,3
4477,0
4478,3
4479,6
4480,3
4481,1
4482,6
4483,3
4484,6
4485,3
4486,6
4487,0
4488,3
4489,3
4490,6
4491,3
4492,1
4493,3
4494,4
4495,4
4496,3
4497,3
4498,3
4499,1
4500,4
4501,3
4502,3
4503,2
4504,4
4505,3
4506,6
4507,5
4508,5
4509,6
4510,0
4511,3
4512,3
4513,3
4514,1
4515,5
4516,6
4517,0
4518,3
4519,0
4520,3
4521,4
4522,3
4523,3
4524,3
4525,2
4526,0
4527,3
4528,1
4529,6
4530,0
4531,3
4532,3
4533,3
4534,3
4535,2
4536,4
4537,3
4538,4
4539,3
4540,6
4541,3
4542,4
4543,1
4544,2
4545,6
4546,0
4547,6
4548,2
4549,3
4550,3
4551,6
4552,3
4553,1
4554,4
4555,4
4556,0
4557,3
4558,3
4559,5
4560,4
4561,4
4562,3
4563,6
4564,6
4565,3
4566,0
4567,6
4568,0
4569,3
4570,0
4571,3
4572,3
4573,6
4574,0
4575,3
4576,3
4577,4
4578,3
4579,0
4580,3
4581,6
4582,4
4583,0
4584,6
4585,3
4586,6
4587,6
4588,3
4589,3
4590,3
4591,3
4592,4
4593,3
4594,3
4595,5
4596,3
4597,3
4598,3
4599,3
4600,6
4601,3
4602,5
4603,0
4604,4
4605,3
4606,3
4607,3
4608,3
4609,2
4610,3
4611,3
4612,6
4613,1
4614,3
4615,3
4616,3
4617,6
4618,3
4619,0
4620,3
4621,4
4622,6
4623,6
4624,3
4625,3
4626,4
4627,1
4628,3
4629,3
4630,0
4631,3
4632,3
4633,2
4634,3
4635,2
4636,6
4637,3
4638,3
4639,2
4640,6
4641,3
4642,1
4643,3
4644,3
4645,3
4646,3
4647,4
4648,3
4649,3
4650,3
4651,3
4652,3
4653,3
4654,6
4655,3
4656,3
4657,6
4658,6
4659,2
4660,2
4661,0
4662,2
4663,6
4664,3
4665,3
4666,5
4667,3
4668,6
4669,4
4670,0
4671,3
4672,4
4673,1
4674,1
4675,0
4676,3
4677,3
4678,3
4679,5
4680,3
4681,3
4682,4
4683,4
4684,6
4685,3
4686,3
4687,0
4688,3
4689,2
4690,3
4691,3
4692,3
4693,3
4694,3
4695,6
4696,3
4697,0
4698,6
4699,0
4700,3
4701,1
4702,6
4703,3
4704,4
4705,6
4706,0
4707,0
4708,4
4709,3
4710,3
4711,3
4712,3
4713,5
4714,3
4715,3
4716,3
4717,2
4718,3
4719,3
4720,3
4721,3
4722,3
4723,5
4724,0
4725,3
4726,3
4727,3
4728,3
4729,2
4730,1
4731,1
4732,6
4733,3
4734,0
4735,5
4736,2
4737,3
4738,5
4739,6
4740,3
4741,3
4742,3
4743,6
4744,1
4745,6
4746,3
4747,3
4748,3
4749,6
4750,5
4751,3
4752,3
4753,3
4754,3
4755,0
4756,2
4757,4
4758,3
4759,0
4760,3
4761,2
4762,3
4763,2
4764,3
4765,3
4766,3
4767,3
4768,3
4769,0
4770,3
4771,5
4772,4
4773,3
4774,2
4775,3
4776,3
4777,0
4778,3
4779,3
4780,6
4781,6
4782,3
4783,3
4784,3
4785,3
4786,3
4787,3
4788,4
4789,3
4790,3
4791,1
4792,4
4793,3
4794,4
4795,0
4796,0
4797,2
4798,3
4799,3
4800,2
4801,5
4802,6
4803,1
4804,3
4805,1
4806,3
4807,0
4808,3
4809,0
4810,4
4811,3
4812,6
4813,5
4814,3
4815,6
4816,6
4817,2
4818,3
4819,3
4820,5
4821,3
4822,3
4823,3
4824,3
4825,3
4826,4
4827,1
4828,0
4829,4
4830,6
4831,3
4832,2
4833,3
4834,3
4835,6
4836,3
4837,3
4838,3
4839,3
4840,3
4841,3
4842,3
4843,3
4844,6
4845,0
4846,6
4847,3
4848,1
4849,3
4850,2
4851,6
4852,3
4853,4
4854,3
4855,1
4856,6
4857,3
4858,4
4859,3
4860,0
4861,5
4862,5
4863,3
4864,0
4865,6
4866,0
4867,6
4868,3
4869,1
4870,6
4871,0
4872,0
4873,6
4874,5
4875,2
4876,3
4877,3
4878,3
4879,3
4880,3
4881,3
4882,2
4883,3
4884,3
4885,6
4886,3
4887,3
4888,3
4889,3
4890,3
4891,3
4892,2
4893,0
4894,3
4895,3
4896,1
4897,4
4898,2
4899,3
4900,2
4901,1
4902,3
4903,4
4904,3
4905,2
4906,3
4907,1
4908,3
4909,3
4910,6
4911,3
4912,4
4913,0
4914,6
4915,3
4916,1
4917,6
4918,3
4919,3
4920,0
4921,4
4922,4
4923,2
4924,0
4925,3
4926,3
4927,4
4928,3
4929,6
4930,3
4931,1
4932,3
4933,6
4934,1
4935,4
4936,3
4937,6
4938,3
4939,3
4940,3
4941,3
4942,3
4943,4
4944,6
4945,3
4946,0
4947,6
4948,3
4949,4
4950,6
4951,2
4952,4
4953,4
4954,2
4955,3
4956,2
4957,2
4958,3
4959,3
4960,3
4961,3
4962,2
4963,3
4964,3
4965,5
4966,3
4967,3
4968,3
4969,3
4970,6
4971,4
4972,6
4973,3
4974,5
4975,1
4976,2
4977,3
4978,1
4979,3
4980,3
4981,2
4982,3
4983,3
4984,6
4985,3
4986,3
4987,5
4988,3
4989,5
4990,0
4991,3
4992,3
4993,3
4994,3
4995,3
4996,6
4997,2
4998,3
4999,3
5000,3
5001,3
5002,5
5003,3
5004,3
5005,3
5006,2
5007,2
5008,6
5009,3
5010,3
5011,2
5012,1
5013,4
5014,3
5015,1
5016,3
5017,3
5018,3
5019,5
5020,0
5021,6
5022,3
5023,3
5024,4
5025,4
5026,6
5027,3
5028,3
5029,3
5030,3
5031,6
5032,3
5033,6
5034,3
5035,3
5036,3
5037,1
5038,3
5039,0
5040,6
5041,3
5042,3
5043,0
5044,2
5045,3
5046,4
5047,0
5048,3
5049,3
5050,6
5051,1
5052,3
5053,3
5054,4
5055,3
5056,3
5057,3
5058,3
5059,3
5060,3
5061,2
5062,3
5063,2
5064,3
5065,1
5066,1
5067,4
5068,2
5069,3
5070,3
5071,2
5072,0
5073,3
5074,1
5075,6
5076,0
5077,0
5078,3
5079,3
5080,3
5081,3
5082,0
5083,6
5084,5
5085,1
5086,1
5087,3
5088,6
5089,3
5090,6
5091,3
5092,0
5093,3
5094,6
5095,3
5096,3
5097,3
5098,4
5099,3
5100,3
5101,6
5102,6
5103,2
5104,4
5105,3
5106,2
5107,3
5108,6
5109,0
5110,4
5111,3
5112,3
5113,5
5114,3
5115,3
5116,3
5117,3
5118,1
5119,3
5120,6
5121,6
5122,3
5123,2
5124,6
5125,3
5126,3
5127,3
5128,3
5129,4
5130,3
5131,2
5132,3
5133,3
5134,6
5135,4
5136,2
5137,2
5138,2
5139,4
5140,6
5141,6
5142,3
5143,6
5144,3
5145,4
5146,6
5147,1
5148,6
5149,3
5150,0
5151,3
5152,4
5153,2
5154,2
5155,3
5156,3
5157,3
5158,6
5159,3
5160,3
5161,0
5162,3
5163,3
5164,4
5165,3
5166,0
5167,3
5168,2
5169,3
5170,2
5171,0
5172,3
5173,4
5174,0
5175,3
5176,0
5177,3
5178,3
5179,6
5180,0
5181,1
5182,3
5183,4
5184,0
5185,0
5186,2
5187,3
5188,2
5189,0
5190,6
5191,3
5192,3
5193,3
5194,2
5195,6
5196,3
5197,2
5198,3
5199,3
5200,3
5201,3
5202,3
5203,3
5204,3
5205,2
5206,4
5207,3
5208,4
5209,4
5210,3
5211,1
5212,2
5213,6
5214,3
5215,3
5216,6
5217,3
5218,3
5219,3
5220,3
5221,2
5222,3
5223,1
5224,3
5225,3
5226,3
5227,1
5228,3
5229,3
5230,1
5231,3
5232,3
5233,1
5234,3
5235,5
5236,3
5237,3
5238,3
5239,3
5240,6
5241,2
5242,3
5243,2
5244,3
5245,3
5246,3
5247,3
5248,3
5249,3
5250,3
5251,3
5252,0
5253,6
5254,3
5255,2
5256,3
5257,6
5258,2
5259,4
5260,3
5261,6
5262,3
5263,3
5264,6
5265,0
5266,5
5267,2
5268,3
5269,5
5270,6
5271,4
5272,3
5273,3
5274,3
5275,3
5276,3
5277,6
5278,3
5279,3
5280,5
5281,3
5282,0
5283,3
5284,4
5285,3
5286,4
5287,4
5288,3
5289,2
5290,3
5291,4
5292,3
5293,6
5294,3
5295,6
5296,3
5297,3
5298,1
5299,3
5300,3
5301,3
5302,3
5303,2
5304,3
5305,3
5306,0
5307,4
5308,3
5309,6
5310,3
5311,3
5312,3
5313,0
5314,4
5315,6
5316,2
5317,1
5318,1
5319,0
5320,6
5321,4
5322,4
5323,1
5324,6
5325,3
5326,4
5327,0
5328,3
5329,1
5330,6
5331,6
5332,3
5333,1
5334,4
5335,1
5336,2
5337,2
5338,3
5339,1
5340,3
5341,6
5342,6
5343,4
5344,3
5345,3
5346,6
5347,4
5348,3
5349,3
5350,3
5351,5
5352,3
5353,1
5354,3
5355,3
5356,3
5357,6
5358,6
5359,3
5360,6
5361,3
5362,2
5363,3
5364,5
5365,3
5366,3
5367,3
5368,4
5369,3
5370,3
5371,3
5372,2
5373,3
5374,3
5375,3
5376,6
5377,3
5378,6
5379,3
5380,3
5381,6
5382,3
5383,3
5384,6
5385,2
5386,2
5387,3
5388,3
5389,3
5390,4
5391,3
5392,3
5393,3
5394,3
5395,3
5396,3
5397,3
5398,0
5399,3
5400,3
5401,3
5402,6
5403,3
5404,3
5405,3
5406,3
5407,3
5408,3
5409,0
5410,2
5411,3
5412,3
5413,3
5414,3
5415,0
5416,6
5417,3
5418,3
5419,0
5420,5
5421,2
5422,6
5423,4
5424,3
5425,0
5426,3
5427,5
5428,4
5429,1
5430,3
5431,3
5432,1
5433,3
5434,3
5435,3
5436,3
5437,3
5438,3
5439,0
5440,3
5441,2
5442,3
5443,0
5444,3
5445,3
5446,3
5447,2
5448,6
5449,5
5450,3
5451,0
5452,1
5453,3
5454,6
5455,6
5456,2
5457,3
5458,4
5459,3
5460,3
5461,6
5462,3
5463,4
5464,3
5465,3
5466,4
5467,3
5468,3
5469,3
5470,3
5471,6
5472,2
5473,3
5474,0
5475,6
5476,3
5477,6
5478,3
5479,2
5480,3
5481,3
5482,5
5483,3
5484,3
5485,0
5486,5
5487,1
5488,0
5489,4
5490,6
5491,0
5492,0
5493,3
5494,3
5495,4
5496,3
5497,2
5498,6
5499,3
5500,1
5501,6
5502,2
5503,3
5504,5
5505,3
5506,3
5507,2
5508,3
5509,5
5510,3
5511,3
5512,0
5513,3
5514,0
5515,3
5516,5
5517,3
5518,3
5519,3
5520,0
5521,3
5522,3
5523,1
5524,3
5525,2
5526,1
5527,3
5528,0
5529,6
5530,3
5531,3
5532,3
5533,3
5534,6
5535,3
5536,2
5537,4
5538,3
5539,3
5540,3
5541,3
5542,4
5543,0
5544,3
5545,3
5546,2
5547,3
5548,3
5549,6
5550,3
5551,3
5552,0
5553,3
5554,6
5555,3
5556,3
5557,0
5558,4
5559,0
5560,5
5561,4
5562,3
5563,5
5564,3
5565,3
5566,3
5567,6
5568,6
5569,0
5570,3
5571,3
5572,3
5573,3
5574,3
5575,0
5576,2
5577,3
5578,1
5579,3
5580,3
5581,3
5582,5
5583,5
5584,3
5585,3
5586,0
5587,3
5588,3
5589,0
5590,3
5591,6
5592,2
5593,0
5594,6
5595,1
5596,3
5597,4
5598,3
5599,3
5600,3
5601,5
5602,6
5603,3
5604,3
5605,2
5606,0
5607,3
5608,2
5609,1
5610,3
5611,6
5612,3
5613,1
5614,3
5615,3
5616,5
5617,6
5618,3
5619,0
5620,3
5621,2
5622,3
5623,3
5624,6
5625,3
5626,3
5627,0
5628,3
5629,3
5630,3
5631,3
5632,3
5633,3
5634,2
5635,4
5636,3
5637,1
5638,4
5639,3
5640,4
5641,3
5642,6
5643,5
5644,0
5645,2
5646,2
5647,6
5648,4
5649,5
5650,3
5651,6
5652,2
5653,5
5654,3
5655,6
5656,6
5657,3
5658,3
5659,0
5660,6
5661,3
5662,3
5663,2
5664,6
5665,2
5666,5
5667,3
5668,3
5669,4
5670,3
5671,5
5672,2
5673,2
5674,0
5675,6
5676,6
5677,3
5678,3
5679,3
5680,4
5681,5
5682,5
5683,3
5684,3
5685,2
5686,3
5687,1
5688,3
5689,1
5690,3
5691,6
5692,4
5693,3
5694,1
5695,3
5696,1
5697,3
5698,2
5699,3
5700,5
5701,3
5702,4
5703,2
5704,3
5705,4
5706,3
5707,3
5708,1
5709,3
5710,0
5711,2
5712,6
5713,3
5714,1
5715,3
5716,0
5717,3
5718,3
5719,0
5720,3
5721,6
5722,3
5723,4
5724,3
5725,4
5726,6
5727,6
5728,3
5729,3
5730,3
5731,3
5732,3
5733,3
5734,3
5735,3
5736,3
5737,3
5738,3
5739,3
5740,5
5741,6
5742,3
5743,3
5744,3
5745,3
5746,4
5747,5
5748,3
5749,3
5750,4
5751,3
5752,3
5753,3
5754,3
5755,3
5756,3
5757,2
5758,3
5759,3
5760,3
5761,3
5762,3
5763,1
5764,3
5765,3
5766,3
5767,6
5768,3
5769,3
5770,1
5771,0
5772,3
5773,3
5774,6
5775,1
5776,6
5777,2
5778,3
5779,3
5780,3
5781,3
5782,5
5783,6
5784,3
5785,1
5786,3
5787,2
5788,3
5789,3
5790,3
5791,1
5792,3
5793,3
5794,3
5795,3
5796,5
5797,5
5798,3
5799,1
5800,4
5801,6
5802,3
5803,3
5804,4
5805,3
5806,3
5807,3
5808,6
5809,3
5810,3
5811,3
5812,3
5813,1
5814,4
5815,2
5816,3
5817,5
5818,3
5819,3
5820,2
5821,2
5822,4
5823,3
5824,3
5825,5
5826,3
5827,3
5828,3
5829,1
5830,0
5831,3
5832,3
5833,1
5834,3
5835,2
5836,2
5837,3
5838,2
5839,6
5840,6
5841,3
5842,5
5843,3
5844,1
5845,3
5846,3
5847,4
5848,3
5849,3
5850,2
5851,6
5852,1
5853,3
5854,3
5855,3
5856,3
5857,3
5858,3
5859,1
5860,3
5861,3
5862,3
5863,3
5864,3
5865,2
5866,3
5867,4
5868,2
5869,3
5870,3
5871,3
5872,6
5873,3
5874,4
5875,3
5876,3
5877,2
5878,6
5879,3
5880,3
5881,3
5882,1
5883,3
5884,3
5885,2
5886,3
5887,3
5888,3
5889,3
5890,0
5891,5
5892,3
5893,3
5894,3
5895,0
5896,1
5897,6
5898,3
5899,4
5900,6
5901,3
5902,3
5903,3
5904,6
5905,3
5906,4
5907,6
5908,0
5909,5
5910,3
5911,3
5912,0
5913,1
5914,5
5915,5
5916,6
5917,3
5918,0
5919,3
5920,3
5921,3
5922,3
5923,0
5924,2
5925,3
5926,3
5927,2
5928,3
5929,3
5930,3
5931,5
5932,3
5933,4
5934,3
5935,3
5936,6
5937,3
5938,3
5939,3
5940,3
5941,2
5942,3
5943,3
5944,6
5945,3
5946,3
5947,5
5948,2
5949,3
5950,3
5951,3
5952,2
5953,4
5954,6
5955,3
5956,3
5957,6
5958,5
5959,3
5960,2
5961,3
5962,3
5963,4
5964,3
5965,0
5966,4
5967,3
5968,3
5969,3
5970,3
5971,1
5972,5
5973,4
5974,3
5975,6
5976,3
5977,3
5978,3
5979,3
5980,3
5981,3
5982,3
5983,3
5984,3
5985,3
5986,2
5987,2
5988,6
5989,3
5990,2
5991,1
5992,3
5993,2
5994,4
5995,6
5996,5
5997,6
5998,3
5999,3
6000,4
6001,3
6002,0
6003,1
6004,5
6005,2
6006,6
6007,2
6008,3
6009,3
6010,3
6011,3
6012,3
6013,3
6014,3
6015,3
6016,3
6017,5
6018,3
6019,3
6020,2
6021,6
6022,6
6023,3
6024,3
6025,2
6026,3
6027,6
6028,2
6029,2
6030,0
6031,1
6032,0
6033,5
6034,5
6035,3
6036,2
6037,1
6038,3
6039,1
6040,3
6041,2
6042,1
6043,3
6044,3
6045,3
6046,6
6047,3
6048,0
6049,2
6050,3
6051,3
6052,3
6053,3
6054,5
6055,4
6056,4
6057,3
6058,6
6059,3
6060,5
6061,3
6062,3
6063,3
6064,4
6065,3
6066,3
6067,3
6068,3
6069,3
6070,1
6071,6
6072,2
6073,3
6074,0
6075,6
6076,3
6077,1
6078,6
6079,3
6080,3
6081,3
6082,0
6083,3
6084,4
6085,3
6086,3
6087,3
6088,2
6089,3
6090,5
6091,3
6092,6
6093,6
6094,2
6095,3
6096,6
6097,5
6098,3
6099,5
6100,3
6101,2
6102,3
6103,3
6104,3
6105,3
6106,6
6107,6
6108,3
6109,3
6110,2
6111,2
6112,0
6113,0
6114,3
6115,3
6116,1
6117,3
6118,3
6119,3
6120,3
6121,3
6122,2
6123,3
6124,3
6125,4
6126,3
6127,1
6128,6
6129,6
6130,3
6131,4
6132,1
6133,1
6134,0
6135,2
6136,3
6137,0
6138,3
6139,1
6140,4
6141,4
6142,2
6143,3
6144,3
6145,3
6146,3
6147,4
6148,2
6149,3
6150,3
6151,3
6152,4
6153,3
6154,2
6155,3
6156,6
6157,6
6158,0
6159,3
6160,2
6161,3
6162,3
6163,6
6164,3
6165,3
6166,3
6167,0
6168,3
6169,0
6170,0
6171,3
6172,3
6173,5
6174,3
6175,3
6176,2
6177,3
6178,0
6179,5
6180,4
6181,5
6182,6
6183,3
6184,6
6185,3
6186,3
6187,6
6188,3
6189,5
6190,5
6191,3
6192,5
6193,5
6194,4
6195,4
6196,3
6197,2
6198,3
6199,3
6200,0
6201,3
6202,5
6203,2
6204,3
6205,2
6206,3
6207,5
6208,6
6209,3
6210,3
6211,5
6212,4
6213,4
6214,3
6215,3
6216,3
6217,3
6218,5
6219,3
6220,3
6221,3
6222,3
6223,3
6224,3
6225,3
6226,3
6227,5
6228,1
6229,4
6230,3
6231,3
6232,3
6233,5
6234,2
6235,3
6236,3
6237,6
6238,3
6239,3
6240,4
6241,3
6242,3
6243,3
6244,3
6245,1
6246,3
6247,6
6248,1
6249,3
6250,3
6251,6
6252,6
6253,1
6254,6
6255,4
6256,6
6257,1
6258,3
6259,6
6260,3
6261,0
6262,2
6263,3
6264,0
6265,3
6266,3
6267,6
6268,6
6269,4
6270,3
6271,3
6272,3
6273,5
6274,3
6275,5
6276,3
6277,3
6278,1
6279,1
6280,3
6281,3
6282,3
6283,3
6284,6
6285,1
6286,4
6287,3
6288,6
6289,3
6290,3
6291,3
6292,6
6293,4
6294,1
6295,1
6296,4
6297,6
6298,0
6299,5
6300,3
6301,2
6302,3
6303,3
6304,3
6305,3
6306,3
6307,3
6308,3
6309,0
6310,3
6311,5
6312,3
6313,3
6314,1
6315,3
6316,0
6317,3
6318,6
6319,3
6320,3
6321,5
6322,1
6323,3
6324,3
6325,2
6326,5
6327,6
6328,4
6329,3
6330,5
6331,4
6332,3
6333,3
6334,3
6335,3
6336,3
6337,6
6338,3
6339,3
6340,3
6341,6
6342,2
6343,6
6344,1
6345,0
6346,6
6347,6
6348,1
6349,3
6350,3
6351,6
6352,3
6353,3
6354,3
6355,3
6356,2
6357,0
6358,3
6359,3
6360,4
6361,6
6362,3
6363,6
6364,5
6365,5
6366,4
6367,5
6368,0
6369,4
6370,3
6371,3
6372,3
6373,3
6374,3
6375,6
6376,3
6377,6
6378,3
6379,3
6380,3
6381,2
6382,6
6383,6
6384,3
6385,3
6386,3
6387,3
6388,0
6389,3
6390,3
6391,1
6392,2
6393,3
6394,3
6395,6
6396,6
6397,6
6398,0
6399,3
6400,4
6401,2
6402,6
6403,6
6404,3
6405,3
6406,3
6407,0
6408,5
6409,2
6410,0
6411,6
6412,4
6413,2
6414,5
6415,3
6416,3
6417,3
6418,6
6419,3
6420,3
6421,4
6422,6
6423,3
6424,1
6425,1
6426,3
6427,6
6428,2
6429,4
6430,3
6431,6
6432,3
6433,4
6434,6
6435,6
6436,3
6437,6
6438,3
6439,3
6440,3
6441,2
6442,0
6443,6
6444,6
6445,3
6446,6
6447,6
6448,2
6449,3
6450,3
6451,3
6452,3
6453,3
6454,0
6455,3
6456,3
6457,3
6458,2
6459,3
6460,3
6461,6
6462,4
6463,5
6464,3
6465,4
6466,6
6467,2
6468,6
6469,3
6470,6
6471,3
6472,2
6473,3
6474,5
6475,6
6476,6
6477,6
6478,4
6479,3
6480,3
6481,3
6482,4
6483,3
6484,3
6485,2
6486,0
6487,2
6488,3
6489,1
6490,3
6491,1
6492,3
6493,5
6494,3
6495,6
6496,2
6497,0
6498,6
6499,3
6500,1
6501,3
6502,3
6503,3
6504,3
6505,3
6506,3
6507,3
6508,0
6509,6
6510,3
6511,3
6512,3
6513,0
6514,3
6515,4
6516,3
6517,6
6518,3
6519,5
6520,1
6521,2
6522,2
6523,3
6524,3
6525,3
6526,4
6527,1
6528,3
6529,3
6530,5
6531,4
6532,2
6533,3
6534,2
6535,3
6536,0
6537,3
6538,3
6539,3
6540,5
6541,0
6542,6
6543,1
6544,3
6545,3
6546,4
6547,2
6548,3
6549,5
6550,0
6551,0
6552,1
6553,1
6554,2
6555,6
6556,0
6557,3
6558,3
6559,3
6560,3
6561,3
6562,3
6563,3
6564,3
6565,3
6566,6
6567,3
6568,3
6569,6
6570,6
6571,3
6572,3
6573,2
6574,1
6575,6
6576,1
6577,3
6578,0
6579,0
6580,3
6581,4
6582,3
6583,3
6584,1
6585,3
6586,6
6587,6
6588,4
6589,3
6590,3
6591,5
6592,3
6593,3
6594,6
6595,4
6596,0
6597,3
6598,2
6599,3
6600,3
6601,3
6602,5
6603,3
6604,3
6605,3
6606,2
6607,2
6608,3
6609,3
6610,3
6611,0
6612,3
6613,6
6614,1
6615,3
6616,6
6617,3
6618,3
6619,2
6620,0
6621,3
6622,3
6623,3
6624,3
6625,6
6626,1
6627,2
6628,3
6629,4
6630,6
6631,3
6632,3
6633,1
6634,6
6635,5
6636,3
6637,3
6638,4
6639,3
6640,3
6641,3
6642,4
6643,6
6644,2
6645,3
6646,3
6647,2
6648,3
6649,4
6650,3
6651,1
6652,5
6653,0
6654,4
6655,3
6656,3
6657,6
6658,3
6659,3
6660,3
6661,6
6662,3
6663,2
6664,1
6665,2
6666,3
6667,6
6668,6
6669,3
6670,3
6671,0
6672,2
6673,3
6674,6
6675,3
6676,3
6677,6
6678,2
6679,6
6680,3
6681,2
6682,3
6683,6
6684,6
6685,5
6686,3
6687,0
6688,3
6689,0
6690,5
6691,3
6692,3
6693,3
6694,3
6695,3
6696,3
6697,3
6698,3
6699,1
6700,3
6701,3
6702,3
6703,2
6704,3
6705,1
6706,5
6707,3
6708,2
6709,0
6710,6
6711,3
6712,3
6713,3
6714,3
6715,3
6716,3
6717,3
6718,1
6719,2
6720,5
6721,3
6722,4
6723,3
6724,3
6725,6
6726,6
6727,2
6728,6
6729,6
6730,0
6731,5
6732,2
6733,4
6734,6
6735,1
6736,3
6737,3
6738,3
6739,5
6740,5
6741,3
6742,6
6743,6
6744,5
6745,3
6746,3
6747,6
6748,3
6749,3
6750,3
6751,3
6752,3
6753,2
6754,3
6755,2
6756,3
6757,3
6758,3
6759,3
6760,3
6761,5
6762,3
6763,2
6764,5
6765,6
6766,1
6767,3
6768,3
6769,1
6770,3
6771,3
6772,3
6773,4
6774,6
6775,3
6776,2
6777,3
6778,3
6779,6
6780,4
6781,1
6782,4
6783,3
6784,0
6785,6
6786,1
6787,4
6788,6
6789,3
6790,3
6791,0
6792,2
6793,3
6794,3
6795,3
6796,3
6797,4
6798,6
6799,3
6800,2
6801,1
6802,3
6803,6
6804,0
6805,3
6806,3
6807,4
6808,3
6809,3
6810,6
6811,3
6812,3
6813,3
6814,5
6815,0
6816,3
6817,1
6818,6
6819,3
6820,3
6821,3
6822,3
6823,3
6824,4
6825,3
6826,3
6827,3
6828,2
6829,3
6830,0
6831,3
6832,3
6833,0
6834,6
6835,3
6836,6
6837,3
6838,3
6839,3
6840,4
6841,3
6842,6
6843,1
6844,4
6845,3
6846,3
6847,4
6848,0
6849,1
6850,6
6851,1
6852,3
6853,5
6854,4
6855,1
6856,3
6857,3
6858,6
6859,4
6860,3
6861,3
6862,5
6863,0
6864,3
6865,6
6866,2
6867,3
6868,3
6869,6
6870,3
6871,4
6872,3
6873,5
6874,3
6875,3
6876,3
6877,3
6878,5
6879,3
6880,4
6881,6
6882,6
6883,2
6884,6
6885,3
6886,6
6887,3
6888,3
6889,6
6890,3
6891,3
6892,3
6893,0
6894,3
6895,6
6896,2
6897,3
6898,3
6899,3
6900,2
6901,3
6902,3
6903,4
6904,3
6905,6
6906,3
6907,0
6908,6
6909,3
6910,3
6911,4
6912,0
6913,3
6914,6
6915,3
6916,2
6917,1
6918,4
6919,2
6920,3
6921,5
6922,3
6923,5
6924,5
6925,0
6926,4
6927,4
6928,2
6929,3
6930,4
6931,3
6932,0
6933,2
6934,5
6935,2
6936,4
6937,2
6938,3
6939,2
6940,3
6941,3
6942,0
6943,6
6944,6
6945,0
6946,1
6947,3
6948,3
6949,3
6950,3
6951,0
6952,6
6953,3
6954,4
6955,6
6956,6
6957,3
6958,6
6959,0
6960,0
6961,1
6962,2
6963,3
6964,1
6965,6
6966,3
6967,2
6968,3
6969,3
6970,3
6971,3
6972,5
6973,6
6974,2
6975,3
6976,6
6977,5
6978,3
6979,4
6980,3
6981,3
6982,4
6983,2
6984,3
6985,3
6986,0
6987,0
6988,2
6989,3
6990,5
6991,6
6992,6
6993,3
6994,3
6995,5
6996,0
6997,5
6998,2
6999,3
7000,3
7001,6
7002,3
7003,3
7004,0
7005,4
7006,3
7007,3
7008,3
7009,2
7010,0
7011,1
7012,3
7013,2
7014,1
7015,6
7016,3
7017,6
7018,3
7019,6
7020,3
7021,3
7022,3
7023,2
7024,1
7025,6
7026,3
7027,5
7028,0
7029,3
7030,3
7031,6
7032,4
7033,3
7034,2
7035,3
7036,4
7037,3
7038,1
7039,3
7040,3
7041,3
7042,4
7043,0
7044,3
7045,3
7046,3
7047,2
7048,3
7049,3
7050,3
7051,2
7052,0
7053,2
7054,3
7055,0
7056,1
7057,2
7058,3
7059,3
7060,3
7061,3
7062,4
7063,3
7064,3
7065,0
7066,2
7067,3
7068,6
7069,3
7070,3
7071,3
7072,3
7073,2
7074,3
7075,3
7076,3
7077,3
7078,5
7079,6
7080,1
7081,3
7082,3
7083,3
7084,0
7085,6
7086,2
7087,6
7088,4
7089,2
7090,6
7091,6
7092,3
7093,3
7094,6
7095,3
7096,4
7097,5
7098,1
7099,2
7100,3
7101,4
7102,2
7103,3
7104,3
7105,6
7106,3
7107,1
7108,3
7109,6
7110,3
7111,0
7112,5
7113,2
7114,4
7115,2
7116,3
7117,5
7118,0
7119,3
7120,1
7121,6
7122,3
7123,3
7124,6
7125,2
7126,1
7127,0
7128,6
7129,3
7130,3
7131,4
7132,3
7133,3
7134,3
7135,3
7136,3
7137,1
7138,2
7139,4
7140,6
7141,3
7142,3
7143,3
7144,3
7145,3
7146,3
7147,3
7148,6
7149,2
7150,3
7151,3
7152,0
7153,3
7154,3
7155,3
7156,3
7157,1
7158,3
7159,4
7160,1
7161,3
7162,2
7163,1
7164,3
7165,5
7166,6
7167,3
7168,6
7169,3
7170,3
7171,3
7172,3
7173,3
7174,3
7175,0
7176,3
7177,3
7178,6
7179,2
7180,3
7181,6
7182,2
7183,1
7184,3
7185,3
7186,3
7187,3
7188,0
7189,3
7190,3
7191,3
7192,2
7193,0
7194,0
7195,0
7196,3
7197,6
7198,3
7199,6
7200,3
7201,1
7202,3
7203,3
7204,6
7205,3
7206,3
7207,3
7208,3
7209,3
7210,6
7211,3
7212,0
7213,3
7214,3
7215,6
7216,1
7217,6
7218,3
7219,3
7220,5
7221,3
7222,3
7223,3
7224,4
7225,3
7226,4
7227,6
7228,2
7229,0
7230,3
7231,3
7232,3
7233,4
7234,3
7235,1
7236,3
7237,2
7238,0
7239,3
7240,0
7241,2
7242,3
7243,3
7244,3
7245,2
7246,5
7247,5
7248,4
7249,3
7250,1
7251,2
7252,3
7253,3
7254,3
7255,4
7256,3
7257,0
7258,3
7259,4
7260,3
7261,0
7262,3
7263,3
7264,5
7265,3
7266,0
7267,3
7268,3
7269,5
7270,3
7271,3
7272,6
7273,1
7274,5
7275,1
7276,3
7277,2
7278,3
7279,1
7280,3
7281,3
7282,3
7283,3
7284,0
7285,3
7286,0
7287,5
7288,3
7289,3
7290,1
7291,3
7292,3
7293,3
7294,2
7295,6
7296,1
7297,3
7298,3
7299,3
7300,5
7301,0
7302,1
7303,6
7304,3
7305,2
7306,0
7307,3
7308,3
7309,6
7310,1
7311,4
7312,2
7313,3
7314,1
7315,3
7316,6
7317,6
7318,6
7319,3
7320,3
7321,3
7322,4
7323,3
7324,3
7325,3
7326,4
7327,3
7328,3
7329,3
7330,0
7331,3
7332,1
7333,3
7334,3
7335,3
7336,3
7337,3
7338,1
7339,0
7340,3
7341,6
7342,2
7343,3
7344,0
7345,4
7346,1
7347,3
7348,3
7349,2
7350,6
7351,6
7352,4
7353,2
7354,5
7355,3
7356,3
7357,3
7358,3
7359,6
7360,1
7361,3
7362,1
7363,3
7364,3
7365,3
7366,3
7367,4
7368,6
7369,0
7370,5
7371,5
7372,3
7373,0
7374,3
7375,3
7376,3
7377,5
7378,3
7379,3
7380,0
7381,6
7382,2
7383,4
7384,3
7385,0
7386,2
7387,3
7388,6
7389,3
7390,5
7391,3
7392,2
7393,3
7394,3
7395,1
7396,6
7397,3
7398,5
7399,0
7400,3
7401,3
7402,3
7403,3
7404,4
7405,3
7406,3
7407,6
7408,0
7409,5
7410,1
7411,3
7412,2
7413,6
7414,2
7415,3
7416,3
7417,3
7418,5
7419,1
7420,3
7421,4
7422,0
7423,3
7424,3
7425,3
7426,3
7427,2
7428,3
7429,6
7430,4
7431,4
7432,3
7433,6
7434,3
7435,3
7436,3
7437,3
7438,6
7439,6
7440,6
7441,5
7442,3
7443,3
7444,2
7445,6
7446,3
7447,0
7448,6
7449,3
7450,3
7451,6
7452,3
7453,3
7454,0
7455,3
7456,3
7457,6
7458,3
7459,6
7460,3
7461,0
7462,3
7463,3
7464,1
7465,3
7466,4
7467,3
7468,3
7469,3
7470,6
7471,1
7472,3
7473,4
7474,3
7475,0
7476,3
7477,3
7478,2
7479,1
7480,3
7481,3
7482,3
7483,3
7484,3
7485,3
7486,5
7487,4
7488,3
7489,3
7490,3
7491,1
7492,3
7493,3
7494,2
7495,3
7496,2
7497,3
7498,2
7499,4
7500,2
7501,3
7502,6
7503,3
7504,3
7505,4
7506,6
7507,4
7508,3
7509,3
7510,3
7511,3
7512,6
7513,5
7514,2
7515,3
7516,6
7517,6
7518,4
7519,4
7520,2
7521,0
7522,2
7523,3
7524,0
7525,5
7526,3
7527,5
7528,2
7529,2
7530,3
7531,1
7532,6
7533,4
7534,3
7535,3
7536,4
7537,6
7538,3
7539,3
7540,3
7541,3
7542,3
7543,2
7544,2
7545,3
7546,2
7547,0
7548,5
7549,6
7550,3
7551,0
7552,3
7553,6
7554,6
7555,4
7556,6
7557,5
7558,5
7559,0
7560,0
7561,3
7562,4
7563,3
7564,5
7565,4
7566,3
7567,5
7568,3
7569,1
7570,6
7571,3
7572,2
7573,3
7574,3
7575,3
7576,3
7577,6
7578,2
7579,6
7580,3
7581,3
7582,3
7583,3
7584,3
7585,3
7586,1
7587,3
7588,3
7589,5
7590,3
7591,3
7592,3
7593,4
7594,6
7595,3
7596,2
7597,6
7598,0
7599,6
7600,3
7601,3
7602,3
7603,1
7604,0
7605,3
7606,0
7607,6
7608,3
7609,3
7610,0
7611,3
7612,2
7613,3
7614,3
7615,0
7616,3
7617,6
7618,3
7619,3
7620,3
7621,5
7622,3
7623,3
7624,3
7625,4
7626,2
7627,6
7628,3
7629,3
7630,3
7631,6
7632,4
7633,2
7634,2
7635,4
7636,3
7637,3
7638,3
7639,3
7640,2
7641,0
7642,2
7643,1
7644,3
7645,6
7646,3
7647,4
7648,3
7649,3
7650,3
7651,5
7652,1
7653,3
7654,2
7655,3
7656,3
7657,3
7658,3
7659,6
7660,3
7661,3
7662,3
7663,3
7664,2
7665,3
7666,3
7667,5
7668,4
7669,2
7670,6
7671,6
7672,3
7673,6
7674,3
7675,0
7676,3
7677,3
7678,3
7679,3
7680,3
7681,3
7682,3
7683,3
7684,3
7685,0
7686,6
7687,5
7688,3
7689,6
7690,4
7691,3
7692,3
7693,3
7694,3
7695,1
7696,3
7697,0
7698,3
7699,3
7700,0
7701,0
7702,3
7703,1
7704,3
7705,4
7706,3
7707,2
7708,5
7709,3
7710,0
7711,3
7712,3
7713,3
7714,6
7715,3
7716,3
7717,3
7718,6
7719,3
7720,3
7721,1
7722,3
7723,3
7724,3
7725,3
7726,3
7727,2
7728,3
7729,6
7730,3
7731,3
7732,0
7733,3
7734,3
7735,2
7736,2
7737,3
7738,3
7739,3
7740,5
7741,3
7742,3
7743,3
7744,6
7745,3
7746,3
7747,6
7748,4
7749,3
7750,5
7751,3
7752,1
7753,2
7754,3
7755,6
7756,6
7757,0
7758,3
7759,3
7760,3
7761,3
7762,3
7763,1
7764,3
7765,6
7766,3
7767,4
7768,3
7769,2
7770,3
7771,3
7772,3
7773,2
7774,3
7775,5
7776,2
7777,4
7778,3
7779,4
7780,3
7781,6
7782,4
7783,6
7784,5
7785,6
7786,3
7787,2
7788,3
7789,2
7790,5
7791,5
7792,3
7793,3
7794,6
7795,1
7796,1
7797,3
7798,3
7799,3
7800,4
7801,3
7802,0
7803,4
7804,3
7805,6
7806,3
7807,3
7808,0
7809,3
7810,3
7811,1
7812,4
7813,3
7814,2
7815,2
7816,6
7817,3
7818,5
7819,3
7820,3
7821,6
7822,6
7823,3
7824,6
7825,4
7826,4
7827,0
7828,3
7829,3
7830,0
7831,3
7832,3
7833,6
7834,3
7835,3
7836,3
7837,3
7838,3
7839,3
7840,2
7841,6
7842,5
7843,4
7844,3
7845,6
7846,3
7847,6
7848,3
7849,2
7850,2
7851,3
7852,3
7853,0
7854,0
7855,3
7856,1
7857,6
7858,2
7859,3
7860,3
7861,3
7862,3
7863,6
7864,3
7865,3
7866,3
7867,2
7868,3
7869,3
7870,4
7871,3
7872,3
7873,6
7874,0
7875,3
7876,2
7877,3
7878,3
7879,3
7880,5
7881,3
7882,3
7883,6
7884,3
7885,1
7886,3
7887,3
7888,6
7889,3
7890,2
7891,5
7892,3
7893,3
7894,0
7895,6
7896,5
7897,5
7898,2
7899,4
7900,0
7901,4
7902,4
7903,3
7904,3
7905,3
7906,2
7907,0
7908,3
7909,3
7910,3
7911,3
7912,4
7913,5
7914,3
7915,0
7916,6
7917,3
7918,3
7919,4
7920,3
7921,3
7922,3
7923,5
7924,3
7925,3
7926,3
7927,4
7928,3
7929,5
7930,0
7931,0
7932,3
7933,6
7934,3
7935,3
7936,6
7937,3
7938,0
7939,3
7940,3
7941,2
7942,1
7943,3
7944,3
7945,6
7946,5
7947,3
7948,3
7949,2
7950,3
7951,3
7952,3
7953,4
7954,3
7955,3
7956,6
7957,6
7958,3
7959,5
7960,2
7961,3
7962,3
7963,0
7964,3
7965,1
7966,3
7967,4
7968,3
7969,3
7970,1
7971,3
7972,3
7973,2
7974,3
7975,3
7976,4
7977,5
7978,0
7979,3
7980,3
7981,3
7982,0
7983,3
7984,6
7985,3
7986,3
7987,3
7988,6
7989,6
7990,3
7991,3
7992,3
7993,3
7994,3
7995,6
7996,3
7997,0
7998,0
7999,3
8000,3
8001,6
8002,1
8003,5
8004,3
8005,2
8006,6
8007,3
8008,3
8009,3
8010,1
8011,2
8012,5
8013,0
8014,3
8015,3
8016,1
8017,3
8018,2
8019,3
8020,6
8021,1
8022,3
8023,6
8024,6
8025,0
8026,0
8027,3
8028,6
8029,6
8030,1
8031,6
8032,3
8033,3
8034,3
8035,3
8036,3
8037,3
8038,2
8039,3
8040,0
8041,3
8042,4
8043,6
8044,3
8045,1
8046,6
8047,0
8048,6
8049,6
8050,2
8051,3
8052,6
8053,3
8054,3
8055,5
8056,3
8057,3
8058,3
8059,3
8060,3
8061,3
8062,3
8063,6
8064,5
8065,3
8066,4
8067,3
8068,0
8069,3
8070,2
8071,3
8072,3
8073,3
8074,6
8075,6
8076,3
8077,3
8078,6
8079,6
8080,3
8081,3
8082,3
8083,3
8084,6
8085,6
8086,3
8087,0
8088,3
8089,4
8090,6
8091,4
8092,3
8093,5
8094,6
8095,3
8096,1
8097,2
8098,3
8099,4
8100,3
8101,3
8102,3
8103,0
8104,3
8105,3
8106,1
8107,3
8108,1
8109,5
8110,6
8111,2
8112,1
8113,6
8114,3
8115,3
8116,6
8117,3
8118,5
8119,4
8120,0
8121,2
8122,3
8123,2
8124,3
8125,2
8126,3
8127,3
8128,3
8129,3
8130,1
8131,1
8132,3
8133,6
8134,6
8135,3
8136,4
8137,2
8138,0
8139,3
8140,1
8141,3
8142,3
8143,0
8144,3
8145,3
8146,5
8147,6
8148,1
8149,2
8150,3
8151,3
8152,4
8153,3
8154,3
8155,2
8156,6
8157,6
8158,0
8159,6
8160,3
8161,6
8162,3
8163,3
8164,3
8165,3
8166,2
8167,3
8168,3
8169,3
8170,6
8171,3
8172,3
8173,3
8174,3
8175,3
8176,4
8177,3
8178,2
8179,4
8180,3
8181,3
8182,3
8183,3
8184,3
8185,3
8186,3
8187,3
8188,3
8189,3
8190,3
8191,3
8192,3
8193,3
8194,5
8195,0
8196,3
8197,2
8198,3
8199,3
8200,3
8201,4
8202,4
8203,0
8204,3
8205,3
8206,3
8207,3
8208,2
8209,3
8210,3
8211,3
8212,3
8213,2
8214,3
8215,3
8216,3
8217,6
8218,3
8219,4
8220,5
8221,3
8222,3
8223,3
8224,3
8225,6
8226,3
8227,1
8228,6
8229,3
8230,3
8231,1
8232,3
8233,3
8234,1
8235,3
8236,3
8237,3
8238,0
8239,3
8240,3
8241,3
8242,6
8243,4
8244,4
8245,3
8246,3
8247,0
8248,6
8249,3
8250,6
8251,6
8252,3
8253,2
8254,6
8255,3
8256,3
8257,4
8258,3
8259,6
8260,3
8261,3
8262,6
8263,2
8264,6
8265,3
8266,6
8267,1
8268,2
8269,2
8270,4
8271,3
8272,1
8273,6
8274,5
8275,3
8276,3
8277,0
8278,2
8279,4
8280,2
8281,5
8282,1
8283,3
8284,3
8285,3
8286,3
8287,3
8288,3
8289,3
8290,5
8291,3
8292,3
8293,3
8294,0
8295,6
8296,3
8297,0
8298,6
8299,3
8300,3
8301,2
8302,1
8303,3
8304,0
8305,0
8306,3
8307,3
8308,1
8309,5
8310,3
8311,5
8312,3
8313,3
8314,3
8315,0
8316,5
8317,1
8318,6
8319,6
8320,3
8321,3
8322,6
8323,3
8324,3
8325,3
8326,3
8327,4
8328,3
8329,6
8330,3
8331,6
8332,3
8333,6
8334,3
8335,0
8336,3
8337,4
8338,3
8339,2
8340,1
8341,4
8342,4
8343,3
8344,3
8345,3
8346,3
8347,3
8348,6
8349,4
8350,2
8351,3
8352,1
8353,3
8354,1
8355,3
8356,0
8357,2
8358,3
8359,3
8360,0
8361,6
8362,3
8363,2
8364,4
8365,4
8366,6
8367,3
8368,3
8369,3
8370,1
8371,4
8372,3
8373,0
8374,3
8375,3
8376,3
8377,2
8378,3
8379,0
8380,3
8381,1
8382,3
8383,6
8384,5
8385,1
8386,3
8387,2
8388,3
8389,6
8390,2
8391,3
8392,3
8393,6
8394,4
8395,6
8396,3
8397,4
8398,3
8399,2
8400,4
8401,3
8402,5
8403,2
8404,3
8405,6
8406,0
8407,2
8408,3
8409,6
8410,3
8411,3
8412,6
8413,2
8414,4
8415,3
8416,1
8417,4
8418,3
8419,5
8420,3
8421,0
8422,2
8423,2
8424,3
8425,0
8426,3
8427,6
8428,3
8429,3
8430,0
8431,3
8432,3
8433,1
8434,0
8435,3
8436,0
8437,3
8438,3
8439,3
8440,4
8441,4
8442,6
8443,4
8444,6
8445,4
8446,3
8447,3
8448,6
8449,6
8450,3
8451,0
8452,4
8453,6
8454,6
8455,2
8456,3
8457,1
8458,4
8459,6
8460,5
8461,5
8462,3
8463,3
8464,3
8465,4
8466,3
8467,4
8468,4
8469,3
8470,3
8471,6
8472,3
8473,3
8474,3
8475,2
8476,6
8477,4
8478,1
8479,3
8480,3
8481,6
8482,5
8483,0
8484,1
8485,3
8486,4
8487,3
8488,1
8489,3
8490,3
8491,3
8492,4
8493,0
8494,4
8495,0
8496,3
8497,5
8498,3
8499,2
8500,1
8501,3
8502,4
8503,3
8504,0
8505,3
8506,3
8507,6
8508,3
8509,4
8510,4
8511,2
8512,3
8513,3
8514,1
8515,3
8516,3
8517,2
8518,4
8519,5
8520,5
8521,4
8522,3
8523,3
8524,6
8525,3
8526,2
8527,1
8528,3
8529,1
8530,4
8531,0
8532,4
8533,1
8534,2
8535,3
8536,3
8537,3
8538,3
8539,3
8540,1
8541,2
8542,3
8543,3
8544,3
8545,3
8546,6
8547,3
8548,0
8549,5
8550,6
8551,4
8552,3
8553,3
8554,3
8555,3
8556,3
8557,4
8558,3
8559,0
8560,0
8561,3
8562,2
8563,6
8564,3
8565,3
8566,3
8567,3
8568,3
8569,0
8570,5
8571,3
8572,2
8573,3
8574,3
8575,5
8576,3
8577,3
8578,3
8579,6
8580,5
8581,3
8582,3
8583,1
8584,3
8585,3
8586,3
8587,2
8588,3
8589,3
8590,3
8591,2
8592,6
8593,5
8594,0
8595,4
8596,6
8597,3
8598,3
8599,4
8600,0
8601,5
8602,3
8603,3
8604,2
8605,3
8606,3
8607,4
8608,3
8609,3
8610,0
8611,3
8612,6
8613,3
8614,2
8615,3
8616,3
8617,3
8618,5
8619,3
8620,2
8621,4
8622,3
8623,3
8624,4
8625,6
8626,0
8627,6
8628,3
8629,3
8630,2
8631,3
8632,1
8633,2
8634,2
8635,3
8636,3
8637,6
8638,1
8639,6
8640,3
8641,3
8642,3
8643,5
8644,5
8645,3
8646,3
8647,3
8648,5
8649,5
8650,3
8651,3
8652,0
8653,3
8654,3
8655,3
8656,3
8657,3
8658,3
8659,3
8660,0
8661,3
8662,6
8663,3
8664,3
8665,3
8666,2
8667,3
8668,1
8669,6
8670,3
8671,3
8672,3
8673,4
8674,3
8675,3
8676,2
8677,3
8678,3
8679,6
8680,3
8681,4
8682,0
8683,4
8684,6
8685,2
8686,3
8687,5
8688,4
8689,3
8690,6
8691,3
8692,0
8693,3
8694,6
8695,6
8696,6
8697,0
8698,3
8699,5
8700,3
8701,3
8702,2
8703,4
8704,2
8705,3
8706,3
8707,2
8708,0
8709,4
8710,1
8711,3
8712,6
8713,3
8714,3
8715,3
8716,3
8717,3
8718,3
8719,5
8720,3
8721,6
8722,4
8723,3
8724,4
8725,3
8726,6
8727,2
8728,6
8729,0
8730,3
8731,1
8732,1
8733,3
8734,3
8735,3
8736,3
8737,4
8738,1
8739,3
8740,3
8741,6
8742,1
8743,3
8744,3
8745,6
8746,2
8747,3
8748,3
8749,3
8750,5
8751,0
8752,2
8753,3
8754,3
8755,0
8756,0
8757,4
8758,5
8759,0
8760,3
8761,3
8762,5
8763,0
8764,3
8765,3
8766,6
8767,6
8768,2
8769,3
8770,3
8771,3
8772,2
8773,3
8774,4
8775,6
8776,3
8777,6
8778,4
8779,2
8780,3
8781,1
8782,6
8783,6
8784,0
8785,1
8786,4
8787,3
8788,6
8789,3
8790,3
8791,3
8792,3
8793,3
8794,3
8795,3
8796,3
8797,3
8798,2
8799,3
8800,3
8801,6
8802,6
8803,3
8804,6
8805,3
8806,3
8807,3
8808,6
8809,1
8810,2
8811,3
8812,0
8813,3
8814,3
8815,0
8816,6
8817,3
8818,4
8819,3
8820,6
8821,3
8822,4
8823,1
8824,4
8825,5
8826,6
8827,3
8828,3
8829,1
8830,6
8831,3
8832,3
8833,2
8834,3
8835,3
8836,0
8837,1
8838,3
8839,3
8840,0
8841,0
8842,1
8843,3
8844,3
8845,1
8846,6
8847,6
8848,3
8849,3
8850,3
8851,3
8852,3
8853,0
8854,3
8855,3
8856,1
8857,4
8858,3
8859,3
8860,3
8861,3
8862,3
8863,1
8864,1
8865,3
8866,3
8867,3
8868,3
8869,3
8870,3
8871,2
8872,6
8873,3
8874,3
8875,3
8876,3
8877,1
8878,3
8879,3
8880,3
8881,0
8882,3
8883,4
8884,3
8885,4
8886,3
8887,2
8888,6
8889,3
8890,2
8891,3
8892,0
8893,3
8894,3
8895,4
8896,3
8897,3
8898,4
8899,3
8900,3
8901,6
8902,4
8903,6
8904,3
8905,3
8906,3
8907,5
8908,0
8909,0
8910,3
8911,1
8912,2
8913,3
8914,6
8915,3
8916,3
8917,6
8918,1
8919,4
8920,2
8921,5
8922,1
8923,4
8924,3
8925,6
8926,3
8927,3
8928,1
8929,0
8930,2
8931,3
8932,4
8933,3
8934,3
8935,0
8936,3
8937,3
8938,3
8939,6
8940,3
8941,6
8942,6
8943,3
8944,0
8945,3
8946,3
8947,0
8948,3
8949,5
8950,3
8951,2
8952,3
8953,6
8954,2
8955,3
8956,6
8957,5
8958,6
8959,3
8960,3
8961,4
8962,1
8963,3
8964,3
8965,3
8966,6
8967,3
8968,0
8969,2
8970,5
8971,4
8972,6
8973,3
8974,3
8975,2
8976,6
8977,3
8978,5
8979,3
8980,6
8981,5
8982,0
8983,3
8984,3
8985,3
8986,0
8987,3
8988,3
8989,3
8990,1
8991,3
8992,2
8993,3
8994,3
8995,4
8996,3
8997,1
8998,3
8999,2
9000,3
9001,6
9002,3
9003,0
9004,2
9005,3
9006,3
9007,3
9008,3
9009,4
9010,3
9011,3
9012,5
9013,2
9014,3
9015,4
9016,3
9017,3
9018,4
9019,5
9020,2
9021,3
9022,3
9023,2
9024,3
9025,2
9026,3
9027,0
9028,3
9029,5
9030,6
9031,3
9032,3
9033,5
9034,1
9035,3
9036,0
9037,0
9038,2
9039,3
9040,6
9041,3
9042,2
9043,6
9044,0
9045,3
9046,3
9047,0
9048,4
9049,3
9050,3
9051,0
9052,5
9053,0
9054,3
9055,2
9056,3
9057,3
9058,6
9059,2
9060,3
9061,2
9062,2
9063,5
9064,3
9065,0
9066,3
9067,6
9068,3
9069,3
9070,0
9071,3
9072,6
9073,2
9074,3
9075,6
9076,3
9077,3
9078,3
9079,3
9080,5
9081,3
9082,3
9083,3
9084,3
9085,1
9086,3
9087,4
9088,6
9089,3
9090,1
9091,3
9092,3
9093,3
9094,4
9095,3
9096,3
9097,2
9098,4
9099,1
9100,4
9101,1
9102,3
9103,3
9104,3
9105,3
9106,2
9107,2
9108,3
9109,3
9110,4
9111,1
9112,3
9113,3
9114,1
9115,3
9116,0
9117,2
9118,3
9119,5
9120,6
9121,2
9122,6
9123,1
9124,2
9125,3
9126,4
9127,6
9128,3
9129,6
9130,3
9131,6
9132,5
9133,3
9134,3
9135,3
9136,3
9137,3
9138,3
9139,3
9140,3
9141,3
9142,3
9143,0
9144,3
9145,3
9146,5
9147,5
9148,4
9149,4
9150,3
9151,1
9152,6
9153,2
9154,6
9155,6
9156,3
9157,4
9158,3
9159,3
9160,3
9161,3
9162,3
9163,0
9164,3
9165,3
9166,2
9167,2
9168,3
9169,3
9170,3
9171,6
9172,0
9173,4
9174,4
9175,3
9176,3
9177,2
9178,3
9179,3
9180,6
9181,3
9182,5
9183,3
9184,3
9185,4
9186,0
9187,3
9188,2
9189,2
9190,3
9191,3
9192,0
9193,3
9194,3
9195,1
9196,3
9197,3
9198,4
9199,5
9200,3
9201,2
9202,3
9203,6
9204,2
9205,3
9206,3
9207,3
9208,6
9209,1
9210,6
9211,3
9212,3
9213,4
9214,3
9215,3
9216,6
9217,0
9218,3
9219,6
9220,6
9221,3
9222,0
9223,3
9224,3
9225,2
9226,3
9227,3
9228,2
9229,3
9230,3
9231,3
9232,3
9233,3
9234,0
9235,3
9236,2
9237,3
9238,6
9239,3
9240,3
9241,3
9242,3
9243,4
9244,3
9245,6
9246,2
9247,6
9248,6
9249,4
9250,3
9251,4
9252,4
9253,0
9254,3
9255,3
9256,3
9257,3
9258,6
9259,0
9260,4
9261,5
9262,3
9263,3
9264,1
9265,3
9266,6
9267,2
9268,3
9269,0
9270,3
9271,3
9272,3
9273,3
9274,2
9275,1
9276,2
9277,3
9278,2
9279,3
9280,3
9281,3
9282,3
9283,5
9284,3
9285,4
9286,6
9287,3
9288,3
9289,2
9290,3
9291,5
9292,6
9293,6
9294,3
9295,3
9296,3
9297,6
9298,4
9299,4
9300,2
9301,6
9302,0
9303,1
9304,3
9305,3
9306,4
9307,3
9308,0
9309,4
9310,3
9311,3
9312,3
9313,3
9314,3
9315,3
9316,5
9317,2
9318,3
9319,0
9320,6
9321,0
9322,3
9323,3
9324,3
9325,3
9326,5
9327,3
9328,3
9329,6
9330,3
9331,6
9332,3
9333,2
9334,6
9335,3
9336,3
9337,5
9338,3
9339,6
9340,6
9341,6
9342,0
9343,3
9344,3
9345,3
9346,3
9347,3
9348,3
9349,1
9350,3
9351,3
9352,1
9353,4
9354,3
9355,3
9356,2
9357,2
9358,0
9359,3
9360,3
9361,4
9362,0
9363,2
9364,0
9365,3
9366,3
9367,0
9368,3
9369,3
9370,3
9371,3
9372,0
9373,2
9374,3
9375,3
9376,3
9377,5
9378,3
9379,3
9380,6
9381,3
9382,3
9383,3
9384,2
9385,3
9386,1
9387,3
9388,2
9389,3
9390,2
9391,1
9392,6
9393,6
9394,3
9395,0
9396,6
9397,5
9398,3
9399,2
9400,3
9401,3
9402,1
9403,3
9404,6
9405,6
9406,3
9407,3
9408,3
9409,2
9410,3
9411,3
9412,3
9413,3
9414,6
9415,3
9416,3
9417,3
9418,4
9419,1
9420,4
9421,3
9422,6
9423,6
9424,3
9425,0
9426,2
9427,3
9428,5
9429,3
9430,2
9431,3
9432,3
9433,3
9434,3
9435,3
9436,0
9437,3
9438,3
9439,0
9440,3
9441,3
9442,3
9443,3
9444,5
9445,3
9446,2
9447,3
9448,0
9449,3
9450,3
9451,3
9452,6
9453,1
9454,3
9455,2
9456,3
9457,3
9458,6
9459,6
9460,6
9461,3
9462,1
9463,1
9464,0
9465,6
9466,5
9467,6
9468,3
9469,3
9470,6
9471,3
9472,3
9473,1
9474,2
9475,4
9476,6
9477,1
9478,6
9479,6
9480,6
9481,3
9482,4
9483,5
9484,2
9485,3
9486,3
9487,3
9488,3
9489,2
9490,0
9491,3
9492,3
9493,4
9494,1
9495,0
9496,3
9497,6
9498,3
9499,2
9500,6
9501,3
9502,3
9503,1
9504,3
9505,4
9506,3
9507,3
9508,3
9509,6
9510,3
9511,3
9512,3
9513,3
9514,3
9515,3
9516,0
9517,6
9518,6
9519,3
9520,3
9521,0
9522,3
9523,3
9524,6
9525,2
9526,0
9527,5
9528,1
9529,3
9530,3
9531,3
9532,4
9533,2
9534,0
9535,2
9536,0
9537,6
9538,3
9539,3
9540,2
9541,0
9542,3
9543,3
9544,2
9545,3
9546,4
9547,3
9548,3
9549,3
9550,6
9551,0
9552,0
9553,3
9554,3
9555,5
9556,6
9557,6
9558,2
9559,1
9560,3
9561,2
9562,2
9563,3
9564,3
9565,3
9566,6
9567,3
9568,0
9569,1
9570,0
9571,2
9572,3
9573,3
9574,6
9575,3
9576,2
9577,6
9578,2
9579,4
9580,4
9581,3
9582,4
9583,3
9584,5
9585,3
9586,3
9587,3
9588,3
9589,3
9590,0
9591,6
9592,5
9593,4
9594,4
9595,3
9596,3
9597,3
9598,3
9599,6
9600,3
9601,6
9602,3
9603,3
9604,2
9605,3
9606,3
9607,5
9608,3
9609,3
9610,1
9611,2
9612,5
9613,6
9614,3
9615,4
9616,3
9617,3
9618,3
9619,4
9620,6
9621,1
9622,2
9623,4
9624,6
9625,3
9626,3
9627,3
9628,3
9629,3
9630,6
9631,3
9632,2
9633,3
9634,5
9635,1
9636,3
9637,5
9638,6
9639,5
9640,3
9641,1
9642,5
9643,1
9644,6
9645,6
9646,5
9647,5
9648,2
9649,4
9650,4
9651,0
9652,3
9653,3
9654,3
9655,3
9656,2
9657,4
9658,3
9659,3
9660,3
9661,6
9662,0
9663,3
9664,6
9665,2
9666,2
9667,0
9668,5
9669,3
9670,2
9671,3
9672,3
9673,3
9674,1
9675,3
9676,6
9677,1
9678,3
9679,3
9680,3
9681,3
9682,3
9683,6
9684,1
9685,0
9686,5
9687,2
9688,6
9689,2
9690,3
9691,3
9692,6
9693,4
9694,6
9695,3
9696,3
9697,5
9698,3
9699,2
9700,3
9701,3
9702,3
9703,1
9704,4
9705,3
9706,3
9707,3
9708,3
9709,5
9710,1
9711,3
9712,3
9713,4
9714,3
9715,3
9716,3
9717,2
9718,2
9719,0
9720,1
9721,6
9722,3
9723,3
9724,4
9725,3
9726,5
9727,3
9728,3
9729,3
9730,3
9731,0
9732,3
9733,6
9734,0
9735,3
9736,3
9737,3
9738,3
9739,6
9740,3
9741,0
9742,3
9743,4
9744,3
9745,3
9746,1
9747,6
9748,6
9749,6
9750,5
9751,4
9752,6
9753,4
9754,3
9755,6
9756,3
9757,0
9758,2
9759,1
9760,6
9761,3
9762,1
9763,2
9764,0
9765,0
9766,0
9767,3
9768,3
9769,3
9770,5
9771,3
9772,3
9773,0
9774,0
9775,1
9776,3
9777,3
9778,1
9779,3
9780,5
9781,3
9782,3
9783,2
9784,5
9785,3
9786,5
9787,2
9788,4
9789,5
9790,3
9791,3
9792,3
9793,3
9794,3
9795,3
9796,3
9797,3
9798,3
9799,3
9800,3
9801,0
9802,1
9803,1
9804,1
9805,0
9806,2
9807,3
9808,3
9809,3
9810,0
9811,3
9812,5
9813,3
9814,2
9815,0
9816,3
9817,3
9818,3
9819,6
9820,3
9821,3
9822,3
9823,3
9824,0
9825,3
9826,4
9827,1
9828,2
9829,3
9830,3
9831,3
9832,5
9833,4
9834,3
9835,3
9836,5
9837,3
9838,6
9839,3
9840,3
9841,3
9842,3
9843,3
9844,3
9845,6
9846,3
9847,5
9848,1
9849,3
9850,0
9851,6
9852,5
9853,3
9854,3
9855,3
9856,3
9857,3
9858,5
9859,2
9860,2
9861,2
9862,1
9863,5
9864,3
9865,3
9866,4
9867,3
9868,1
9869,3
9870,3
9871,5
9872,6
9873,3
9874,5
9875,3
9876,1
9877,3
9878,5
9879,1
9880,3
9881,2
9882,6
9883,3
9884,3
9885,4
9886,3
9887,4
9888,4
9889,1
9890,3
9891,3
9892,0
9893,4
9894,6
9895,3
9896,0
9897,6
9898,6
9899,0
9900,5
9901,0
9902,4
9903,3
9904,3
9905,3
9906,3
9907,3
9908,6
9909,6
9910,3
9911,2
9912,3
9913,3
9914,3
9915,3
9916,3
9917,3
9918,3
9919,2
9920,3
9921,6
9922,4
9923,0
9924,3
9925,3
9926,3
9927,5
9928,6
9929,3
9930,4
9931,5
9932,3
9933,3
9934,6
9935,2
9936,3
9937,6
9938,6
9939,6
9940,5
9941,3
9942,6
9943,2
9944,3
9945,4
9946,5
9947,3
9948,3
9949,1
9950,0
9951,3
9952,5
9953,3
9954,3
9955,3
9956,3
9957,4
9958,1
9959,3
9960,4
9961,0
9962,3
9963,2
9964,1
9965,2
9966,3
9967,6
9968,3
9969,3
9970,4
9971,3
9972,3
9973,3
9974,5
9975,1
9976,3
9977,3
9978,4
9979,4
9980,2
9981,5
9982,3
9983,3
9984,6
9985,2
9986,3
9987,3
9988,2
9989,6
9990,0
9991,4
9992,6
9993,4
9994,0
9995,3
9996,3
9997,3
9998,3
9999,5
10000,4
10001,3
10002,3
10003,5
10004,3
10005,6
10006,6
10007,3
10008,2
10009,5
10010,6
10011,3
10012,3
10013,4
10014,4
10015,3
10016,3
10017,1
10018,1
10019,3
10020,4
10021,3
10022,6
10023,1
10024,3
10025,0
10026,3
10027,3
10028,6
10029,4
10030,0
10031,3
10032,3
10033,3
10034,3
10035,3
10036,3
10037,3
10038,1
10039,4
10040,6
10041,3
10042,3
10043,2
10044,3
10045,6
10046,2
10047,3
10048,3
10049,3
10050,0
10051,3
10052,4
10053,0
10054,3
10055,3
10056,1
10057,4
10058,4
10059,0
10060,3
10061,3
10062,5
10063,3
10064,3
10065,3
10066,3
10067,3
10068,3
10069,3
10070,3
10071,3
10072,2
10073,4
10074,3
10075,2
10076,6
10077,3
10078,3
10079,3
10080,3
10081,6
10082,6
10083,3
10084,5
10085,6
10086,3
10087,3
10088,3
10089,3
10090,3
10091,3
10092,3
10093,3
10094,5
10095,3
10096,3
10097,6
10098,3
10099,0
10100,6
10101,3
10102,5
10103,3
10104,3
10105,5
10106,3
10107,1
10108,3
10109,0
10110,5
10111,2
10112,5
10113,3
10114,3
10115,3
10116,3
10117,6
10118,3
10119,5
10120,3
10121,6
10122,0
10123,2
10124,3
10125,3
10126,3
10127,2
10128,1
10129,6
10130,3
10131,6
10132,3
10133,3
10134,3
10135,3
10136,3
10137,3
10138,5
10139,3
10140,4
10141,1
10142,3
10143,6
10144,3
10145,3
10146,3
10147,2
10148,3
10149,0
10150,3
10151,3
10152,3
10153,3
10154,2
10155,5
10156,6
10157,3
10158,3
10159,3
10160,5
10161,3
10162,3
10163,1
10164,3
10165,5
10166,3
10167,3
10168,1
10169,3
10170,3
10171,4
10172,3
10173,2
10174,2
10175,3
10176,3
10177,4
10178,3
10179,3
10180,6
10181,2
10182,6
10183,3
10184,1
10185,4
10186,3
10187,3
10188,3
10189,3
10190,2
10191,4
10192,3
10193,3
10194,3
10195,6
10196,5
10197,4
10198,3
10199,3
10200,3
10201,3
10202,6
10203,3
10204,3
10205,0
10206,3
10207,6
10208,3
10209,3
10210,3
10211,6
10212,1
10213,3
10214,4
10215,3
10216,4
10217,3
10218,6
10219,6
10220,6
10221,3
10222,4
10223,4
10224,4
10225,3
10226,4
10227,5
10228,3
10229,3
10230,2
10231,0
10232,0
10233,6
10234,6
10235,3
10236,6
10237,5
10238,6
10239,3
10240,3
10241,5
10242,3
10243,6
10244,0
10245,3
10246,3
10247,6
10248,3
10249,6
10250,3
10251,6
10252,3
10253,3
10254,6
10255,3
10256,5
10257,3
10258,3
10259,1
10260,6
10261,0
10262,0
10263,3
10264,3
10265,6
10266,6
10267,1
10268,6
10269,2
10270,2
10271,3
10272,0
10273,3
10274,5
10275,5
10276,6
10277,2
10278,3
10279,6
10280,5
10281,3
10282,0
10283,3
10284,6
10285,1
10286,2
10287,3
10288,3
10289,0
10290,3
10291,3
10292,3
10293,6
10294,3
10295,3
10296,6
10297,6
10298,4
10299,6
10300,4
10301,5
10302,6
10303,3
10304,3
10305,3
10306,6
10307,5
10308,3
10309,2
10310,3
10311,5
10312,3
10313,3
10314,3
10315,3
10316,0
10317,3
10318,3
10319,1
10320,3
10321,3
10322,6
10323,0
10324,2
10325,3
10326,3
10327,3
10328,2
10329,1
10330,3
10331,5
10332,3
10333,5
10334,0
10335,3
10336,3
10337,1
10338,3
10339,3
10340,6
10341,3
10342,3
10343,4
10344,1
10345,2
10346,3
10347,3
10348,4
10349,3
10350,3
10351,6
10352,3
10353,3
10354,3
10355,3
10356,5
10357,3
10358,2
10359,3
10360,6
10361,3
10362,3
10363,6
10364,0
10365,6
10366,3
10367,4
10368,3
10369,3
10370,1
10371,6
10372,1
10373,3
10374,3
10375,6
10376,4
10377,4
10378,1
10379,1
10380,6
10381,3
10382,4
10383,3
10384,2
10385,3
10386,2
10387,3
10388,3
10389,5
10390,6
10391,6
10392,3
10393,6
10394,3
10395,3
10396,3
10397,1
10398,3
10399,1
10400,3
10401,4
10402,5
10403,3
10404,6
10405,3
10406,0
10407,3
10408,3
10409,2
10410,6
10411,3
10412,3
10413,3
10414,3
10415,5
10416,3
10417,3
10418,3
10419,5
10420,6
10421,3
10422,2
10423,5
10424,5
10425,1
10426,3
10427,3
10428,3
10429,3
10430,3
10431,0
10432,0
10433,0
10434,3
10435,3
10436,3
10437,3
10438,3
10439,6
10440,3
10441,1
10442,0
10443,3
10444,0
10445,3
10446,3
10447,3
10448,1
10449,3
10450,3
10451,3
10452,3
10453,2
10454,3
10455,4
10456,0
10457,3
10458,6
10459,3
10460,0
10461,6
10462,3
10463,1
10464,3
10465,3
10466,2
10467,2
10468,0
10469,5
10470,0
10471,2
10472,1
10473,3
10474,0
10475,3
10476,2
10477,3
10478,3
10479,3
10480,3
10481,3
10482,3
10483,1
10484,4
10485,6
10486,6
10487,3
10488,0
10489,3
10490,2
10491,3
10492,0
10493,2
10494,3
10495,3
10496,3
10497,3
10498,3
10499,5
10500,5
10501,3
10502,3
10503,3
10504,4
10505,3
10506,1
10507,3
10508,4
10509,3
10510,2
10511,6
10512,3
10513,3
10514,2
10515,2
10516,2
10517,3
10518,0
10519,3
10520,3
10521,3
10522,1
10523,4
10524,3
10525,4
10526,3
10527,3
10528,3
10529,3
10530,0
10531,3
10532,3
10533,3
10534,2
10535,3
10536,6
10537,4
10538,3
10539,1
10540,1
10541,4
10542,1
10543,3
10544,3
10545,5
10546,5
10547,2
10548,3
10549,4
10550,3
10551,3
10552,5
10553,3
10554,2
10555,3
10556,3
10557,3
10558,3
10559,2
10560,6
10561,0
10562,6
10563,3
10564,2
10565,3
10566,3
10567,3
10568,1
10569,4
10570,3
10571,0
10572,3
10573,3
10574,0
10575,3
10576,3
10577,5
10578,3
10579,3
10580,6
10581,3
10582,5
10583,0
10584,4
10585,3
10586,3
10587,4
10588,3
10589,6
10590,5
10591,3
10592,3
10593,3
10594,1
10595,4
10596,3
10597,0
10598,3
10599,6
10600,3
10601,3
10602,3
10603,3
10604,5
10605,4
10606,3
10607,3
10608,3
10609,3
10610,3
10611,3
10612,3
10613,2
10614,3
10615,1
10616,2
10617,3
10618,6
10619,3
10620,6
10621,3
10622,3
10623,6
10624,1
10625,0
10626,2
10627,1
10628,3
10629,3
10630,3
10631,3
10632,3
10633,2
10634,3
10635,3
10636,3
10637,3
10638,4
10639,3
10640,3
10641,3
10642,6
10643,0
10644,3
10645,1
10646,3
10647,6
10648,2
10649,3
10650,5
10651,3
10652,3
10653,3
10654,3
10655,3
10656,2
10657,3
10658,4
10659,1
10660,3
10661,3
10662,3
10663,6
10664,3
10665,3
10666,1
10667,3
10668,3
10669,2
10670,3
10671,3
10672,3
10673,3
10674,3
10675,3
10676,5
10677,5
10678,4
10679,3
10680,6
10681,3
10682,3
10683,3
10684,2
10685,4
10686,2
10687,0
10688,6
10689,0
10690,3
10691,3
10692,5
10693,3
10694,3
10695,3
10696,3
10697,3
10698,4
10699,6
10700,0
10701,3
10702,4
10703,3
10704,3
10705,1
10706,1
10707,3
10708,3
10709,3
10710,3
10711,2
10712,6
10713,2
10714,3
10715,3
10716,5
10717,0
10718,3
10719,0
10720,1
10721,5
10722,3
10723,2
10724,3
10725,2
10726,6
10727,3
10728,5
10729,3
10730,3
10731,6
10732,1
10733,6
10734,3
10735,3
10736,6
10737,5
10738,2
10739,4
10740,6
10741,4
10742,0
10743,1
10744,2
10745,0
10746,6
10747,6
10748,3
10749,6
10750,3
10751,3
10752,3
10753,3
10754,5
10755,3
10756,3
10757,3
10758,6
10759,3
10760,3
10761,3
10762,3
10763,3
10764,3
10765,1
10766,3
10767,3
10768,3
10769,0
10770,6
10771,1
10772,6
10773,3
10774,4
10775,4
10776,6
10777,3
10778,3
10779,6
10780,3
10781,6
10782,0
10783,3
10784,3
10785,6
10786,3
10787,6
10788,6
10789,6
10790,6
10791,1
10792,1
10793,4
10794,6
10795,3
10796,1
10797,6
10798,3
10799,3
10800,3
10801,1
10802,3
10803,3
10804,4
10805,3
10806,6
10807,3
10808,1
10809,5
10810,0
10811,3
10812,3
10813,4
10814,5
10815,4
10816,3
10817,3
10818,3
10819,3
10820,3
10821,3
10822,1
10823,3
10824,3
10825,0
10826,3
10827,3
10828,3
10829,4
10830,3
10831,1
10832,2
10833,1
10834,3
10835,2
10836,3
10837,3
10838,2
10839,3
10840,3
10841,3
10842,5
10843,2
10844,3
10845,0
10846,5
10847,3
10848,4
10849,1
10850,3
10851,2
10852,6
10853,3
10854,6
10855,3
10856,3
10857,3
10858,2
10859,3
10860,4
10861,3
10862,3
10863,3
10864,3
10865,3
10866,5
10867,3
