id,label_move_col
1,2
2,6
3,4
4,6
5,3
6,3
7,5
8,3
9,3
10,4
11,5
12,3
13,0
14,2
15,4
16,3
17,6
18,3
19,1
20,0
21,0
22,6
23,2
24,3
25,3
26,2
27,6
28,3
29,1
30,3
31,3
32,4
33,6
34,6
35,3
36,4
37,3
38,6
39,3
40,5
41,4
42,0
43,4
44,2
45,0
46,3
47,0
48,3
49,5
50,6
51,6
52,3
53,3
54,3
55,3
56,2
57,4
58,3
59,3
60,6
61,5
62,3
63,3
64,3
65,3
66,3
67,3
68,3
69,3
70,3
71,5
72,0
73,3
74,6
75,0
76,0
77,3
78,3
79,3
80,5
81,6
82,0
83,2
84,3
85,3
86,3
87,3
88,3
89,0
90,3
91,3
92,6
93,2
94,1
95,4
96,6
97,0
98,3
99,0
100,3
101,0
102,0
103,3
104,3
105,3
106,5
107,2
108,3
109,3
110,3
111,3
112,1
113,3
114,6
115,0
116,3
117,4
118,1
119,3
120,0
121,3
122,3
123,2
124,3
125,4
126,3
127,3
128,3
129,5
130,3
131,3
132,6
133,2
134,3
135,3
136,3
137,5
138,5
139,4
140,6
141,4
142,3
143,3
144,1
145,0
146,0
147,5
148,4
149,3
150,3
151,0
152,0
153,3
154,3
155,3
156,3
157,3
158,1
159,5
160,5
161,5
162,3
163,3
164,3
165,0
166,3
167,3
168,3
169,0
170,3
171,5
172,6
173,3
174,0
175,3
176,2
177,3
178,3
179,3
180,0
181,2
182,0
183,3
184,3
185,0
186,5
187,2
188,2
189,5
190,4
191,4
192,4
193,2
194,3
195,3
196,3
197,4
198,3
199,4
200,0
201,3
202,3
203,6
204,3
205,3
206,3
207,6
208,3
209,4
210,3
211,3
212,0
213,3
214,4
215,3
216,3
217,2
218,6
219,6
220,3
221,3
222,4
223,3
224,3
225,3
226,3
227,3
228,6
229,0
230,3
231,0
232,3
233,5
234,0
235,3
236,4
237,0
238,3
239,3
240,2
241,3
242,6
243,1
244,6
245,3
246,3
247,6
248,3
249,3
250,5
251,2
252,3
253,2
254,3
255,1
256,0
257,0
258,2
259,5
260,3
261,3
262,3
263,2
264,2
265,4
266,3
267,3
268,3
269,1
270,3
271,1
272,3
273,2
274,3
275,5
276,3
277,2
278,3
279,0
280,3
281,3
282,3
283,0
284,1
285,6
286,6
287,0
288,0
289,4
290,3
291,3
292,2
293,3
294,3
295,3
296,3
297,6
298,3
299,3
300,3
301,3
302,3
303,4
304,3
305,3
306,3
307,3
308,0
309,3
310,0
311,6
312,4
313,3
314,3
315,3
316,5
317,5
318,3
319,5
320,6
321,3
322,1
323,0
324,3
325,3
326,3
327,5
328,3
329,3
330,0
331,3
332,3
333,3
334,3
335,4
336,3
337,4
338,0
339,2
340,3
341,5
342,3
343,6
344,0
345,3
346,1
347,3
348,3
349,5
350,0
351,5
352,4
353,6
354,3
355,3
356,4
357,6
358,3
359,6
360,3
361,4
362,3
363,3
364,3
365,3
366,3
367,2
368,3
369,3
370,3
371,3
372,5
373,0
374,1
375,3
376,0
377,6
378,5
379,3
380,6
381,3
382,6
383,3
384,3
385,1
386,3
387,0
388,3
389,6
390,4
391,1
392,5
393,3
394,3
395,3
396,3
397,3
398,3
399,3
400,3
401,3
402,5
403,0
404,3
405,3
406,3
407,3
408,0
409,4
410,4
411,6
412,3
413,4
414,0
415,4
416,3
417,3
418,3
419,6
420,0
421,2
422,3
423,3
424,2
425,2
426,6
427,3
428,1
429,0
430,3
431,1
432,3
433,3
434,3
435,3
436,3
437,3
438,3
439,0
440,2
441,0
442,3
443,3
444,5
445,5
446,5
447,4
448,6
449,3
450,1
451,3
452,2
453,0
454,3
455,1
456,6
457,1
458,2
459,3
460,3
461,3
462,5
463,1
464,6
465,3
466,5
467,1
468,6
469,2
470,3
471,3
472,3
473,3
474,6
475,2
476,6
477,3
478,1
479,6
480,3
481,3
482,3
483,5
484,6
485,3
486,6
487,2
488,2
489,3
490,3
491,3
492,5
493,3
494,6
495,3
496,0
497,3
498,3
499,4
500,2
501,3
502,6
503,2
504,0
505,3
506,4
507,3
508,6
509,3
510,2
511,3
512,1
513,0
514,3
515,3
516,3
517,3
518,3
519,3
520,3
521,3
522,3
523,1
524,3
525,3
526,6
527,3
528,3
529,1
530,3
531,3
532,6
533,3
534,2
535,3
536,3
537,3
538,5
539,4
540,0
541,5
542,0
543,3
544,3
545,3
546,3
547,6
548,1
549,3
550,6
551,6
552,3
553,0
554,3
555,5
556,1
557,0
558,3
559,3
560,5
561,6
562,4
563,3
564,3
565,3
566,0
567,6
568,3
569,3
570,1
571,0
572,3
573,3
574,3
575,3
576,6
577,3
578,3
579,6
580,1
581,3
582,6
583,2
584,3
585,0
586,2
587,2
588,2
589,3
590,3
591,4
592,6
593,3
594,3
595,3
596,3
597,3
598,3
599,3
600,3
601,4
602,3
603,3
604,6
605,3
606,3
607,6
608,3
609,5
610,3
611,4
612,3
613,3
614,4
615,0
616,3
617,3
618,0
619,3
620,4
621,3
622,3
623,3
624,2
625,3
626,3
627,6
628,1
629,3
630,6
631,3
632,3
633,3
634,6
635,3
636,2
637,6
638,3
639,3
640,4
641,2
642,3
643,3
644,3
645,3
646,5
647,5
648,3
649,3
650,3
651,2
652,3
653,6
654,3
655,3
656,3
657,6
658,4
659,4
660,5
661,2
662,3
663,3
664,3
665,3
666,1
667,3
668,3
669,3
670,3
671,2
672,3
673,3
674,3
675,6
676,3
677,3
678,3
679,5
680,4
681,0
682,0
683,3
684,3
685,3
686,4
687,5
688,3
689,4
690,6
691,3
692,3
693,4
694,6
695,0
696,1
697,1
698,3
699,3
700,3
701,2
702,6
703,0
704,0
705,3
706,3
707,5
708,3
709,0
710,3
711,2
712,1
713,5
714,6
715,2
716,3
717,2
718,5
719,3
720,5
721,3
722,3
723,0
724,4
725,0
726,4
727,5
728,3
729,3
730,3
731,3
732,3
733,3
734,0
735,3
736,3
737,3
738,5
739,6
740,4
741,4
742,3
743,3
744,3
745,3
746,3
747,0
748,0
749,3
750,6
751,2
752,3
753,4
754,3
755,1
756,5
757,5
758,0
759,3
760,0
761,4
762,1
763,3
764,4
765,5
766,6
767,2
768,2
769,0
770,6
771,6
772,5
773,2
774,0
775,3
776,2
777,3
778,3
779,3
780,3
781,3
782,6
783,6
784,3
785,0
786,6
787,3
788,3
789,3
790,3
791,4
792,0
793,0
794,3
795,3
796,3
797,2
798,5
799,4
800,3
801,3
802,3
803,3
804,1
805,3
806,6
807,3
808,0
809,2
810,3
811,3
812,5
813,2
814,3
815,3
816,3
817,3
818,5
819,6
820,3
821,6
822,3
823,6
824,3
825,6
826,6
827,6
828,4
829,3
830,0
831,3
832,4
833,6
834,6
835,0
836,3
837,3
838,1
839,3
840,2
841,3
842,4
843,0
844,6
845,1
846,0
847,3
848,3
849,3
850,3
851,6
852,3
853,3
854,0
855,0
856,5
857,6
858,3
859,6
860,6
861,3
862,5
863,4
864,3
865,3
866,3
867,4
868,3
869,3
870,6
871,1
872,3
873,3
874,4
875,6
876,1
877,3
878,3
879,3
880,4
881,3
882,3
883,1
884,3
885,1
886,0
887,3
888,1
889,3
890,3
891,3
892,6
893,5
894,4
895,3
896,3
897,3
898,3
899,3
900,3
901,3
902,3
903,3
904,1
905,0
906,2
907,3
908,0
909,3
910,5
911,6
912,6
913,1
914,0
915,2
916,1
917,2
918,3
919,6
920,3
921,3
922,3
923,3
924,3
925,3
926,4
927,3
928,3
929,3
930,2
931,3
932,0
933,6
934,3
935,4
936,3
937,3
938,3
939,5
940,0
941,3
942,6
943,3
944,3
945,1
946,6
947,5
948,1
949,1
950,0
951,1
952,3
953,2
954,3
955,3
956,0
957,0
958,4
959,3
960,0
961,3
962,3
963,5
964,0
965,3
966,1
967,6
968,6
969,4
970,0
971,1
972,6
973,2
974,3
975,3
976,2
977,2
978,3
979,4
980,2
981,3
982,3
983,6
984,6
985,2
986,3
987,0
988,6
989,3
990,3
991,3
992,6
993,6
994,3
995,3
996,3
997,3
998,3
999,0
1000,3
1001,3
1002,6
1003,3
1004,3
1005,3
1006,3
1007,3
1008,1
1009,2
1010,2
1011,1
1012,6
1013,3
1014,6
1015,0
1016,3
1017,3
1018,1
1019,3
1020,3
1021,1
1022,3
1023,2
1024,3
1025,0
1026,3
1027,0
1028,2
1029,1
1030,6
1031,3
1032,4
1033,3
1034,6
1035,3
1036,3
1037,3
1038,3
1039,3
1040,4
1041,3
1042,3
1043,3
1044,3
1045,1
1046,5
1047,3
1048,0
1049,3
1050,6
1051,3
1052,0
1053,3
1054,6
1055,2
1056,3
1057,3
1058,3
1059,3
1060,5
1061,3
1062,1
1063,2
1064,5
1065,3
1066,6
1067,3
1068,6
1069,4
1070,3
1071,3
1072,3
1073,1
1074,3
1075,3
1076,3
1077,3
1078,3
1079,3
1080,6
1081,3
1082,3
1083,2
1084,3
1085,3
1086,3
1087,2
1088,3
1089,0
1090,3
1091,3
1092,3
1093,3
1094,3
1095,6
1096,3
1097,6
1098,2
1099,3
1100,5
1101,2
1102,6
1103,3
1104,3
1105,3
1106,1
1107,0
1108,6
1109,4
1110,1
1111,3
1112,3
1113,3
1114,4
1115,5
1116,3
1117,3
1118,3
1119,3
1120,4
1121,3
1122,3
1123,6
1124,6
1125,1
1126,3
1127,3
1128,4
1129,2
1130,3
1131,3
1132,2
1133,3
1134,3
1135,3
1136,3
1137,3
1138,3
1139,2
1140,1
1141,3
1142,3
1143,3
1144,3
1145,0
1146,6
1147,3
1148,3
1149,2
1150,3
1151,4
1152,0
1153,3
1154,6
1155,6
1156,3
1157,0
1158,3
1159,3
1160,3
1161,6
1162,4
1163,0
1164,0
1165,1
1166,3
1167,3
1168,3
1169,2
1170,3
1171,4
1172,0
1173,3
1174,3
1175,3
1176,3
1177,6
1178,3
1179,2
1180,0
1181,0
1182,3
1183,3
1184,3
1185,3
1186,1
1187,3
1188,3
1189,3
1190,2
1191,3
1192,3
1193,1
1194,5
1195,3
1196,6
1197,0
1198,3
1199,6
1200,6
1201,3
1202,5
1203,3
1204,1
1205,6
1206,0
1207,6
1208,0
1209,3
1210,3
1211,6
1212,3
1213,2
1214,3
1215,2
1216,0
1217,3
1218,1
1219,6
1220,3
1221,3
1222,5
1223,3
1224,4
1225,3
1226,6
1227,6
1228,3
1229,2
1230,2
1231,4
1232,1
1233,2
1234,3
1235,5
1236,2
1237,1
1238,6
1239,6
1240,4
1241,3
1242,0
1243,3
1244,5
1245,0
1246,1
1247,3
1248,3
1249,3
1250,4
1251,3
1252,3
1253,5
1254,3
1255,6
1256,2
1257,0
1258,2
1259,3
1260,2
1261,3
1262,3
1263,1
1264,6
1265,0
1266,0
1267,3
1268,0
1269,3
1270,3
1271,3
1272,5
1273,2
1274,4
1275,4
1276,1
1277,1
1278,3
1279,0
1280,0
1281,2
1282,3
1283,3
1284,0
1285,3
1286,6
1287,6
1288,3
1289,0
1290,6
1291,3
1292,3
1293,3
1294,3
1295,3
1296,2
1297,3
1298,0
1299,6
1300,5
1301,4
1302,3
1303,6
1304,3
1305,4
1306,3
1307,3
1308,3
1309,0
1310,3
1311,3
1312,0
1313,0
1314,3
1315,3
1316,3
1317,0
1318,5
1319,0
1320,0
1321,1
1322,3
1323,5
1324,3
1325,0
1326,6
1327,4
1328,6
1329,6
1330,3
1331,6
1332,6
1333,6
1334,4
1335,1
1336,3
1337,2
1338,1
1339,2
1340,1
1341,3
1342,2
1343,3
1344,6
1345,6
1346,3
1347,3
1348,3
1349,3
1350,3
1351,3
1352,1
1353,5
1354,6
1355,6
1356,3
1357,0
1358,3
1359,3
1360,3
1361,3
1362,3
1363,0
1364,0
1365,3
1366,0
1367,3
1368,3
1369,0
1370,5
1371,3
1372,3
1373,3
1374,4
1375,6
1376,5
1377,3
1378,3
1379,4
1380,3
1381,0
1382,4
1383,5
1384,3
1385,0
1386,3
1387,6
1388,5
1389,3
1390,0
1391,0
1392,3
1393,2
1394,3
1395,3
1396,5
1397,3
1398,3
1399,4
1400,3
1401,3
1402,6
1403,3
1404,3
1405,4
1406,4
1407,5
1408,6
1409,3
1410,3
1411,3
1412,1
1413,3
1414,3
1415,5
1416,3
1417,1
1418,0
1419,2
1420,3
1421,1
1422,6
1423,3
1424,3
1425,3
1426,3
1427,3
1428,4
1429,6
1430,4
1431,4
1432,3
1433,3
1434,3
1435,2
1436,5
1437,3
1438,6
1439,4
1440,6
1441,1
1442,1
1443,0
1444,3
1445,3
1446,3
1447,3
1448,3
1449,4
1450,3
1451,3
1452,4
1453,2
1454,5
1455,3
1456,4
1457,3
1458,3
1459,6
1460,6
1461,6
1462,2
1463,6
1464,3
1465,3
1466,3
1467,2
1468,4
1469,3
1470,5
1471,3
1472,0
1473,6
1474,2
1475,0
1476,2
1477,5
1478,3
1479,3
1480,3
1481,2
1482,0
1483,5
1484,3
1485,3
1486,6
1487,6
1488,0
1489,5
1490,6
1491,3
1492,0
1493,3
1494,3
1495,0
1496,4
1497,4
1498,3
1499,3
1500,6
1501,3
1502,0
1503,6
1504,3
1505,3
1506,5
1507,0
1508,6
1509,6
1510,1
1511,3
1512,2
1513,3
1514,0
1515,3
1516,0
1517,3
1518,3
1519,3
1520,0
1521,3
1522,3
1523,3
1524,3
1525,6
1526,1
1527,3
1528,0
1529,3
1530,1
1531,3
1532,3
1533,3
1534,4
1535,1
1536,4
1537,3
1538,2
1539,2
1540,4
1541,3
1542,3
1543,3
1544,1
1545,0
1546,0
1547,5
1548,6
1549,6
1550,3
1551,4
1552,3
1553,2
1554,2
1555,4
1556,4
1557,3
1558,1
1559,1
1560,6
1561,5
1562,2
1563,6
1564,3
1565,3
1566,5
1567,4
1568,3
1569,3
1570,1
1571,3
1572,3
1573,6
1574,6
1575,3
1576,3
1577,2
1578,3
1579,0
1580,3
1581,6
1582,6
1583,3
1584,6
1585,3
1586,4
1587,0
1588,3
1589,5
1590,6
1591,0
1592,3
1593,3
1594,2
1595,3
1596,3
1597,3
1598,3
1599,0
1600,3
1601,3
1602,3
1603,6
1604,4
1605,3
1606,0
1607,6
1608,0
1609,3
1610,3
1611,3
1612,6
1613,6
1614,0
1615,3
1616,1
1617,2
1618,6
1619,3
1620,3
1621,5
1622,5
1623,3
1624,3
1625,0
1626,3
1627,3
1628,3
1629,3
1630,0
1631,3
1632,3
1633,6
1634,3
1635,4
1636,0
1637,3
1638,0
1639,4
1640,3
1641,3
1642,3
1643,5
1644,3
1645,3
1646,1
1647,3
1648,3
1649,3
1650,5
1651,3
1652,3
1653,4
1654,1
1655,0
1656,0
1657,0
1658,3
1659,3
1660,2
1661,6
1662,5
1663,6
1664,3
1665,5
1666,3
1667,3
1668,3
1669,2
1670,6
1671,3
1672,6
1673,2
1674,3
1675,3
1676,5
1677,3
1678,6
1679,6
1680,3
1681,6
1682,0
1683,3
1684,3
1685,3
1686,3
1687,4
1688,6
1689,5
1690,3
1691,3
1692,3
1693,3
1694,5
1695,3
1696,4
1697,6
1698,2
1699,5
1700,6
1701,2
1702,2
1703,3
1704,0
1705,1
1706,0
1707,3
1708,3
1709,3
1710,1
1711,6
1712,1
1713,4
1714,3
1715,3
1716,3
1717,0
1718,0
1719,3
1720,3
1721,0
1722,4
1723,3
1724,1
1725,4
1726,0
1727,0
1728,3
1729,2
1730,3
1731,0
1732,3
1733,4
1734,3
1735,3
1736,0
1737,3
1738,0
1739,6
1740,5
1741,3
1742,3
1743,3
1744,3
1745,6
1746,4
1747,2
1748,3
1749,5
1750,3
1751,0
1752,3
1753,6
1754,3
1755,3
1756,6
1757,4
1758,3
1759,3
1760,0
1761,3
1762,4
1763,2
1764,3
1765,3
1766,2
1767,0
1768,3
1769,3
1770,3
1771,3
1772,3
1773,2
1774,5
1775,2
1776,3
1777,3
1778,4
1779,0
1780,3
1781,5
1782,6
1783,1
1784,1
1785,3
1786,3
1787,2
1788,3
1789,0
1790,3
1791,4
1792,2
1793,3
1794,3
1795,5
1796,3
1797,6
1798,1
1799,2
1800,3
1801,0
1802,3
1803,3
1804,3
1805,5
1806,1
1807,1
1808,1
1809,2
1810,6
1811,1
1812,3
1813,3
1814,0
1815,0
1816,3
1817,3
1818,3
1819,1
1820,4
1821,3
1822,3
1823,3
1824,5
1825,5
1826,3
1827,4
1828,3
1829,4
1830,5
1831,4
1832,6
1833,4
1834,0
1835,3
1836,0
1837,0
1838,2
1839,3
1840,2
1841,3
1842,3
1843,1
1844,6
1845,3
1846,0
1847,3
1848,6
1849,3
1850,3
1851,0
1852,3
1853,3
1854,4
1855,3
1856,3
1857,3
1858,3
1859,3
1860,3
1861,3
1862,0
1863,2
1864,3
1865,4
1866,6
1867,5
1868,6
1869,0
1870,6
1871,3
1872,2
1873,4
1874,0
1875,6
1876,5
1877,5
1878,0
1879,6
1880,2
1881,3
1882,3
1883,0
1884,3
1885,3
1886,1
1887,4
1888,0
1889,3
1890,2
1891,6
1892,0
1893,3
1894,0
1895,3
1896,2
1897,0
1898,1
1899,3
1900,3
1901,1
1902,1
1903,5
1904,3
1905,4
1906,3
1907,1
1908,3
1909,3
1910,1
1911,5
1912,3
1913,5
1914,2
1915,0
1916,3
1917,1
1918,3
1919,6
1920,3
1921,3
1922,6
1923,1
1924,3
1925,3
1926,1
1927,5
1928,3
1929,3
1930,3
1931,3
1932,3
1933,6
1934,3
1935,0
1936,3
1937,5
1938,3
1939,4
1940,3
1941,3
1942,3
1943,3
1944,5
1945,3
1946,6
1947,4
1948,3
1949,3
1950,3
1951,3
1952,3
1953,3
1954,3
1955,3
1956,6
1957,3
1958,0
1959,1
1960,3
1961,3
1962,6
1963,0
1964,0
1965,3
1966,3
1967,3
1968,2
1969,3
1970,0
1971,6
1972,4
1973,3
1974,1
1975,3
1976,3
1977,3
1978,3
1979,3
1980,3
1981,3
1982,1
1983,1
1984,3
1985,4
1986,1
1987,3
1988,3
1989,5
1990,3
1991,3
1992,3
1993,3
1994,3
1995,3
1996,1
1997,0
1998,3
1999,0
2000,3
2001,3
2002,1
2003,3
2004,6
2005,0
2006,3
2007,6
2008,5
2009,3
2010,3
2011,6
2012,3
2013,3
2014,6
2015,3
2016,3
2017,3
2018,2
2019,6
2020,0
2021,4
2022,3
2023,5
2024,0
2025,3
2026,3
2027,1
2028,0
2029,6
2030,1
2031,0
2032,6
2033,6
2034,2
2035,3
2036,3
2037,2
2038,3
2039,3
2040,3
2041,2
2042,3
2043,6
2044,3
2045,6
2046,2
2047,6
2048,4
2049,4
2050,3
2051,6
2052,0
2053,3
2054,3
2055,3
2056,0
2057,5
2058,3
2059,2
2060,6
2061,3
2062,2
2063,3
2064,3
2065,6
2066,3
2067,3
2068,6
2069,0
2070,3
2071,6
2072,3
2073,3
2074,3
2075,0
2076,3
2077,3
2078,3
2079,3
2080,3
2081,2
2082,6
2083,3
2084,3
2085,0
2086,3
2087,3
2088,3
2089,6
2090,5
2091,6
2092,3
2093,3
2094,3
2095,3
2096,6
2097,3
2098,1
2099,2
2100,3
2101,4
2102,3
2103,2
2104,2
2105,0
2106,6
2107,0
2108,6
2109,3
2110,4
2111,3
2112,3
2113,3
2114,3
2115,1
2116,1
2117,6
2118,6
2119,3
2120,3
2121,3
2122,3
2123,3
2124,3
2125,3
2126,3
2127,3
2128,3
2129,3
2130,6
2131,2
2132,3
2133,3
2134,4
2135,3
2136,0
2137,6
2138,3
2139,5
2140,3
2141,3
2142,3
2143,5
2144,6
2145,3
2146,0
2147,3
2148,0
2149,6
2150,2
2151,5
2152,5
2153,0
2154,4
2155,6
2156,0
2157,3
2158,6
2159,0
2160,3
2161,4
2162,3
2163,3
2164,5
2165,2
2166,3
2167,3
2168,3
2169,6
2170,3
2171,4
2172,3
2173,6
2174,1
2175,3
2176,3
2177,3
2178,3
2179,3
2180,3
2181,3
2182,3
2183,6
2184,0
2185,6
2186,0
2187,3
2188,6
2189,3
2190,0
2191,1
2192,0
2193,6
2194,5
2195,0
2196,3
2197,3
2198,3
2199,6
2200,3
2201,0
2202,5
2203,3
2204,1
2205,3
2206,3
2207,0
2208,6
2209,6
2210,3
2211,0
2212,2
2213,3
2214,3
2215,3
2216,4
2217,2
2218,3
2219,3
2220,3
2221,3
2222,0
2223,3
2224,3
2225,3
2226,0
2227,3
2228,0
2229,0
2230,0
2231,6
2232,0
2233,4
2234,1
2235,2
2236,5
2237,5
2238,0
2239,3
2240,3
2241,3
2242,4
2243,3
2244,2
2245,3
2246,3
2247,2
2248,4
2249,3
2250,6
2251,3
2252,0
2253,3
2254,3
2255,3
2256,3
2257,3
2258,6
2259,0
2260,5
2261,0
2262,6
2263,4
2264,5
2265,1
2266,3
2267,3
2268,3
2269,3
2270,6
2271,2
2272,3
2273,6
2274,2
2275,4
2276,6
2277,3
2278,3
2279,4
2280,3
2281,5
2282,0
2283,3
2284,3
2285,3
2286,3
2287,3
2288,3
2289,3
2290,6
2291,6
2292,3
2293,6
2294,3
2295,5
2296,3
2297,2
2298,3
2299,3
2300,0
2301,5
2302,3
2303,3
2304,0
2305,3
2306,3
2307,2
2308,0
2309,3
2310,3
2311,3
2312,3
2313,0
2314,2
2315,3
2316,3
2317,4
2318,3
2319,6
2320,3
2321,1
2322,1
2323,3
2324,2
2325,2
2326,1
2327,2
2328,3
2329,2
2330,3
2331,5
2332,2
2333,3
2334,3
2335,2
2336,0
2337,0
2338,2
2339,6
2340,0
2341,3
2342,1
2343,2
2344,4
2345,4
2346,0
2347,3
2348,3
2349,3
2350,6
2351,3
2352,2
2353,3
2354,3
2355,3
2356,3
2357,0
2358,5
2359,3
2360,3
2361,3
2362,3
2363,3
2364,0
2365,1
2366,3
2367,3
2368,3
2369,3
2370,3
2371,3
2372,4
2373,3
2374,6
2375,3
2376,6
2377,3
2378,3
2379,1
2380,4
2381,3
2382,3
2383,3
2384,3
2385,3
2386,0
2387,3
2388,3
2389,3
2390,3
2391,6
2392,3
2393,3
2394,2
2395,3
2396,4
2397,3
2398,0
2399,4
2400,2
2401,3
2402,0
2403,3
2404,0
2405,3
2406,6
2407,5
2408,6
2409,1
2410,3
2411,3
2412,6
2413,3
2414,3
2415,6
2416,3
2417,5
2418,6
2419,3
2420,6
2421,0
2422,3
2423,3
2424,3
2425,4
2426,0
2427,3
2428,3
2429,3
2430,4
2431,0
2432,3
2433,5
2434,3
2435,0
2436,5
2437,6
2438,6
2439,3
2440,3
2441,3
2442,3
2443,0
2444,3
2445,3
2446,3
2447,0
2448,3
2449,3
2450,3
2451,3
2452,3
2453,4
2454,2
2455,3
2456,0
2457,3
2458,0
2459,3
2460,3
2461,2
2462,2
2463,6
2464,4
2465,3
2466,1
2467,2
2468,3
2469,3
2470,3
2471,6
2472,1
2473,3
2474,3
2475,2
2476,3
2477,2
2478,3
2479,4
2480,0
2481,0
2482,3
2483,0
2484,3
2485,3
2486,4
2487,0
2488,0
2489,3
2490,3
2491,4
2492,3
2493,3
2494,3
2495,0
2496,6
2497,2
2498,5
2499,2
2500,6
2501,3
2502,3
2503,3
2504,3
2505,3
2506,0
2507,6
2508,6
2509,3
2510,0
2511,3
2512,3
2513,3
2514,5
2515,3
2516,3
2517,3
2518,4
2519,3
2520,4
2521,3
2522,3
2523,3
2524,1
2525,3
2526,3
2527,3
2528,6
2529,2
2530,3
2531,6
2532,3
2533,3
2534,3
2535,4
2536,3
2537,3
2538,5
2539,2
2540,3
2541,3
2542,6
2543,0
2544,2
2545,2
2546,3
2547,3
2548,6
2549,0
2550,6
2551,0
2552,3
2553,0
2554,3
2555,4
2556,3
2557,4
2558,2
2559,5
2560,3
2561,0
2562,5
2563,0
2564,3
2565,3
2566,1
2567,4
2568,3
2569,3
2570,2
2571,6
2572,5
2573,2
2574,0
2575,6
2576,3
2577,3
2578,3
2579,3
2580,0
2581,3
2582,3
2583,2
2584,6
2585,6
2586,3
2587,3
2588,5
2589,3
2590,3
2591,1
2592,3
2593,4
2594,3
2595,0
2596,3
2597,3
2598,3
2599,3
2600,6
2601,3
2602,3
2603,3
2604,3
2605,0
2606,5
2607,3
2608,3
2609,3
2610,3
2611,0
2612,3
2613,3
2614,2
2615,3
2616,3
2617,6
2618,0
2619,3
2620,2
2621,5
2622,0
2623,3
2624,3
2625,4
2626,3
2627,6
2628,2
2629,3
2630,3
2631,6
2632,0
2633,5
2634,3
2635,6
2636,4
2637,3
2638,3
2639,0
2640,0
2641,6
2642,0
2643,4
2644,3
2645,6
2646,3
2647,6
2648,1
2649,3
2650,3
2651,5
2652,3
2653,3
2654,3
2655,6
2656,5
2657,0
2658,3
2659,3
2660,3
2661,6
2662,3
2663,2
2664,3
2665,3
2666,1
2667,3
2668,3
2669,5
2670,3
2671,6
2672,0
2673,6
2674,0
2675,5
2676,3
2677,1
2678,2
2679,3
2680,0
2681,4
2682,3
2683,0
2684,3
2685,3
2686,0
2687,0
2688,2
2689,0
2690,3
2691,1
2692,3
2693,4
2694,0
2695,0
2696,0
2697,4
2698,3
2699,4
2700,3
2701,3
2702,0
2703,2
2704,3
2705,4
2706,3
2707,2
2708,0
2709,5
2710,3
2711,3
2712,6
2713,3
2714,3
2715,6
2716,5
2717,3
2718,0
2719,3
2720,3
2721,5
2722,4
2723,6
2724,3
2725,3
2726,3
2727,1
2728,3
2729,6
2730,2
2731,3
2732,3
2733,5
2734,1
2735,3
2736,3
2737,3
2738,6
2739,3
2740,4
2741,4
2742,5
2743,3
2744,3
2745,1
2746,6
2747,0
2748,0
2749,6
2750,0
2751,3
2752,3
2753,5
2754,2
2755,3
2756,3
2757,5
2758,3
2759,4
2760,2
2761,3
2762,6
2763,3
2764,5
2765,3
2766,3
2767,6
2768,6
2769,0
2770,0
2771,0
2772,5
2773,5
2774,3
2775,0
2776,3
2777,3
2778,3
2779,1
2780,6
2781,3
2782,1
2783,0
2784,3
2785,3
2786,0
2787,4
2788,3
2789,3
2790,3
2791,3
2792,3
2793,3
2794,3
2795,0
2796,3
2797,6
2798,3
2799,3
2800,5
2801,2
2802,3
2803,5
2804,3
2805,0
2806,6
2807,5
2808,0
2809,3
2810,3
2811,3
2812,3
2813,3
2814,2
2815,6
2816,2
2817,1
2818,4
2819,3
2820,3
2821,3
2822,0
2823,3
2824,3
2825,4
2826,3
2827,3
2828,6
2829,3
2830,3
2831,3
2832,0
2833,3
2834,3
2835,1
2836,3
2837,3
2838,3
2839,5
2840,4
2841,0
2842,0
2843,4
2844,3
2845,3
2846,5
2847,6
2848,2
2849,2
2850,4
2851,6
2852,3
2853,2
2854,6
2855,3
2856,0
2857,0
2858,3
2859,1
2860,0
2861,3
2862,0
2863,3
2864,3
2865,3
2866,0
2867,3
2868,3
2869,4
2870,3
2871,1
2872,6
2873,0
2874,2
2875,3
2876,3
2877,6
2878,3
2879,3
2880,3
2881,2
2882,3
2883,0
2884,3
2885,3
2886,3
2887,6
2888,3
2889,1
2890,6
2891,3
2892,3
2893,3
2894,3
2895,3
2896,3
2897,0
2898,3
2899,6
2900,3
2901,6
2902,3
2903,3
2904,3
2905,2
2906,3
2907,4
2908,3
2909,4
2910,3
2911,0
2912,2
2913,2
2914,3
2915,3
2916,4
2917,3
2918,6
2919,3
2920,2
2921,3
2922,6
2923,3
2924,0
2925,0
2926,0
2927,3
2928,4
2929,0
2930,5
2931,2
2932,3
2933,1
2934,3
2935,0
2936,6
2937,3
2938,3
2939,3
2940,0
2941,5
2942,3
2943,3
2944,0
2945,3
2946,1
2947,2
2948,3
2949,3
2950,3
2951,6
2952,3
2953,3
2954,0
2955,0
2956,6
2957,3
2958,6
2959,6
2960,3
2961,3
2962,1
2963,3
2964,3
2965,0
2966,3
2967,3
2968,3
2969,3
2970,0
2971,6
2972,0
2973,6
2974,3
2975,4
2976,3
2977,0
2978,2
2979,3
2980,1
2981,6
2982,6
2983,3
2984,3
2985,3
2986,4
2987,5
2988,3
2989,3
2990,3
2991,1
2992,0
2993,3
2994,2
2995,3
2996,0
2997,0
2998,3
2999,3
3000,5
3001,1
3002,3
3003,6
3004,3
3005,3
3006,1
3007,0
3008,3
3009,1
3010,4
3011,4
3012,6
3013,5
3014,3
3015,3
3016,0
3017,3
3018,1
3019,3
3020,2
3021,3
3022,3
3023,3
3024,1
3025,2
3026,1
3027,6
3028,3
3029,0
3030,0
3031,3
3032,3
3033,3
3034,6
3035,3
3036,3
3037,3
3038,3
3039,4
3040,3
3041,6
3042,6
3043,0
3044,5
3045,3
3046,0
3047,0
3048,6
3049,3
3050,3
3051,3
3052,3
3053,6
3054,3
3055,6
3056,3
3057,3
3058,3
3059,3
3060,3
3061,6
3062,6
3063,6
3064,3
3065,3
3066,3
3067,3
3068,3
3069,6
3070,3
3071,0
3072,6
3073,3
3074,0
3075,1
3076,2
3077,2
3078,6
3079,1
3080,0
3081,3
3082,3
3083,6
3084,6
3085,4
3086,0
3087,4
3088,0
3089,6
3090,3
3091,0
3092,3
3093,4
3094,3
3095,2
3096,2
3097,4
3098,0
3099,2
3100,5
3101,3
3102,3
3103,3
3104,1
3105,3
3106,5
3107,3
3108,3
3109,3
3110,0
3111,3
3112,3
3113,4
3114,4
3115,3
3116,1
3117,4
3118,6
3119,1
3120,1
3121,3
3122,3
3123,3
3124,5
3125,3
3126,3
3127,1
3128,4
3129,0
3130,3
3131,3
3132,4
3133,4
3134,5
3135,6
3136,2
3137,1
3138,1
3139,3
3140,3
3141,3
3142,6
3143,3
3144,3
3145,5
3146,3
3147,3
3148,3
3149,3
3150,2
3151,5
3152,6
3153,4
3154,3
3155,3
3156,3
3157,5
3158,3
3159,0
3160,1
3161,3
3162,0
3163,3
3164,2
3165,1
3166,3
3167,1
3168,5
3169,4
3170,4
3171,2
3172,2
3173,6
3174,3
3175,3
3176,5
3177,3
3178,3
3179,3
3180,3
3181,3
3182,6
3183,6
3184,3
3185,2
3186,3
3187,3
3188,3
3189,6
3190,3
3191,3
3192,6
3193,4
3194,6
3195,0
3196,2
3197,3
3198,4
3199,6
3200,3
3201,2
3202,4
3203,3
3204,4
3205,0
3206,0
3207,4
3208,3
3209,3
3210,3
3211,5
3212,3
3213,3
3214,3
3215,1
3216,3
3217,3
3218,6
3219,2
3220,3
3221,3
3222,5
3223,2
3224,0
3225,6
3226,0
3227,4
3228,3
3229,5
3230,6
3231,3
3232,3
3233,3
3234,3
3235,4
3236,3
3237,3
3238,3
3239,4
3240,0
3241,3
3242,3
3243,3
3244,3
3245,6
3246,0
3247,4
3248,3
3249,0
3250,1
3251,2
3252,3
3253,3
3254,0
3255,3
3256,4
3257,0
3258,6
3259,3
3260,5
3261,3
3262,4
3263,3
3264,4
3265,3
3266,3
3267,0
3268,3
3269,3
3270,0
3271,5
3272,3
3273,4
3274,3
3275,4
3276,0
3277,4
3278,4
3279,0
3280,3
3281,3
3282,3
3283,0
3284,3
3285,2
3286,5
3287,3
3288,6
3289,2
3290,3
3291,3
3292,0
3293,3
3294,4
3295,6
3296,3
3297,1
3298,3
3299,6
3300,2
3301,1
3302,0
3303,3
3304,3
3305,5
3306,1
3307,6
3308,3
3309,4
3310,3
3311,2
3312,3
3313,2
3314,3
3315,2
3316,1
3317,5
3318,2
3319,6
3320,6
3321,1
3322,3
3323,2
3324,3
3325,6
3326,6
3327,1
3328,4
3329,3
3330,3
3331,3
3332,3
3333,3
3334,1
3335,3
3336,0
3337,3
3338,3
3339,2
3340,3
3341,0
3342,6
3343,3
3344,0
3345,0
3346,2
3347,1
3348,3
3349,2
3350,3
3351,3
3352,6
3353,0
3354,2
3355,3
3356,0
3357,6
3358,3
3359,5
3360,0
3361,6
3362,0
3363,6
3364,6
3365,3
3366,3
3367,3
3368,2
3369,4
3370,6
3371,5
3372,3
3373,6
3374,6
3375,1
3376,3
3377,5
3378,4
3379,3
3380,6
3381,0
3382,3
3383,4
3384,3
3385,3
3386,0
3387,0
3388,4
3389,1
3390,3
3391,3
3392,3
3393,3
3394,5
3395,6
3396,3
3397,1
3398,3
3399,3
3400,4
3401,3
3402,4
3403,3
3404,3
3405,0
3406,3
3407,2
3408,0
3409,3
3410,3
3411,4
3412,5
3413,2
3414,3
3415,3
3416,3
3417,3
3418,3
3419,3
3420,3
3421,3
3422,3
3423,5
3424,0
3425,0
3426,3
3427,4
3428,2
3429,6
3430,3
3431,3
3432,3
3433,4
3434,6
3435,4
3436,3
3437,6
3438,2
3439,6
3440,3
3441,3
3442,0
3443,3
3444,6
3445,0
3446,3
3447,0
3448,4
3449,3
3450,6
3451,6
3452,0
3453,3
3454,3
3455,6
3456,3
3457,3
3458,5
3459,3
3460,4
3461,3
3462,0
3463,3
3464,2
3465,3
3466,6
3467,3
3468,3
3469,3
3470,6
3471,3
3472,2
3473,3
3474,1
3475,3
3476,3
3477,3
3478,0
3479,3
3480,3
3481,0
3482,6
3483,5
3484,2
3485,0
3486,3
3487,2
3488,3
3489,3
3490,6
3491,6
3492,3
3493,3
3494,3
3495,3
3496,3
3497,3
3498,3
3499,5
3500,3
3501,2
3502,2
3503,3
3504,3
3505,4
3506,3
3507,4
3508,3
3509,4
3510,3
3511,3
3512,0
3513,6
3514,3
3515,5
3516,3
3517,3
3518,3
3519,3
3520,3
3521,2
3522,1
3523,3
3524,3
3525,3
3526,1
3527,6
3528,5
3529,3
3530,4
3531,5
3532,3
3533,2
3534,3
3535,3
3536,4
3537,3
3538,3
3539,3
3540,2
3541,6
3542,3
3543,3
3544,6
3545,3
3546,0
3547,3
3548,3
3549,4
3550,6
3551,3
3552,0
3553,0
3554,3
3555,1
3556,0
3557,3
3558,6
3559,3
3560,3
3561,3
3562,0
3563,6
3564,3
3565,0
3566,3
3567,3
3568,6
3569,3
3570,3
3571,3
3572,0
3573,1
3574,5
3575,6
3576,1
3577,3
3578,3
3579,6
3580,4
3581,3
3582,3
3583,3
3584,3
3585,2
3586,3
3587,5
3588,0
3589,1
3590,3
3591,1
3592,4
3593,0
3594,0
3595,2
3596,0
3597,0
3598,4
3599,6
3600,3
3601,3
3602,3
3603,6
3604,0
3605,3
3606,2
3607,3
3608,3
3609,3
3610,1
3611,3
3612,2
3613,2
3614,3
3615,3
3616,3
3617,4
3618,6
3619,5
3620,3
3621,1
3622,3
3623,6
3624,6
3625,3
3626,3
3627,5
3628,3
3629,0
3630,1
3631,6
3632,3
3633,3
3634,1
3635,0
3636,3
3637,3
3638,3
3639,3
3640,3
3641,0
3642,2
3643,5
3644,3
3645,2
3646,3
3647,3
3648,3
3649,3
3650,3
3651,3
3652,0
3653,3
3654,3
3655,3
3656,1
3657,6
3658,3
3659,0
3660,3
3661,3
3662,6
3663,3
3664,3
3665,0
3666,0
3667,3
3668,1
3669,1
3670,3
3671,2
3672,1
3673,3
3674,3
3675,2
3676,0
3677,3
3678,1
3679,5
3680,3
3681,4
3682,3
3683,4
3684,0
3685,6
3686,0
3687,3
3688,3
3689,2
3690,0
3691,2
3692,0
3693,3
3694,3
3695,5
3696,3
3697,6
3698,3
3699,6
3700,3
3701,4
3702,3
3703,3
3704,0
3705,3
3706,6
3707,3
3708,3
3709,3
3710,2
3711,2
3712,6
3713,0
3714,2
3715,5
3716,4
3717,6
3718,3
3719,3
3720,1
3721,5
3722,3
3723,0
3724,6
3725,3
3726,3
3727,3
3728,6
3729,3
3730,4
3731,3
3732,6
3733,3
3734,4
3735,3
3736,3
3737,5
3738,5
3739,0
3740,3
3741,3
3742,0
3743,3
3744,3
3745,2
3746,4
3747,4
3748,3
3749,6
3750,3
3751,2
3752,5
3753,3
3754,0
3755,3
3756,0
3757,6
3758,4
3759,3
3760,3
3761,3
3762,6
3763,3
3764,0
3765,3
3766,0
3767,3
3768,3
3769,3
3770,3
3771,1
3772,3
3773,3
3774,6
3775,3
3776,6
3777,3
3778,3
3779,3
3780,3
3781,3
3782,4
3783,6
3784,5
3785,3
3786,0
3787,3
3788,3
3789,3
3790,0
3791,6
3792,5
3793,3
3794,6
3795,3
3796,5
3797,3
3798,6
3799,3
3800,0
3801,0
3802,1
3803,3
3804,3
3805,5
3806,3
3807,3
3808,0
3809,6
3810,3
3811,2
3812,3
3813,1
3814,1
3815,3
3816,3
3817,2
3818,3
3819,3
3820,4
3821,3
3822,3
3823,3
3824,0
3825,5
3826,3
3827,4
3828,3
3829,3
3830,3
3831,3
3832,0
3833,3
3834,3
3835,3
3836,6
3837,3
3838,1
3839,3
3840,4
3841,0
3842,3
3843,4
3844,3
3845,6
3846,3
3847,3
3848,2
3849,0
3850,3
3851,0
3852,3
3853,3
3854,3
3855,3
3856,6
3857,3
3858,3
3859,3
3860,3
3861,3
3862,4
3863,2
3864,0
3865,3
3866,3
3867,4
3868,0
3869,3
3870,3
3871,3
3872,0
3873,3
3874,3
3875,3
3876,3
3877,0
3878,4
3879,3
3880,3
3881,5
3882,3
3883,3
3884,6
3885,3
3886,3
3887,3
3888,6
3889,3
3890,6
3891,4
3892,0
3893,4
3894,0
3895,3
3896,3
3897,3
3898,1
3899,5
3900,6
3901,3
3902,5
3903,3
3904,4
3905,5
3906,3
3907,0
3908,5
3909,0
3910,6
3911,3
3912,2
3913,3
3914,3
3915,0
3916,3
3917,3
3918,6
3919,2
3920,3
3921,2
3922,5
3923,6
3924,3
3925,3
3926,0
3927,6
3928,0
3929,2
3930,4
3931,4
3932,3
3933,3
3934,1
3935,5
3936,3
3937,0
3938,3
3939,2
3940,3
3941,3
3942,3
3943,3
3944,3
3945,5
3946,3
3947,3
3948,3
3949,3
3950,3
3951,5
3952,2
3953,6
3954,3
3955,6
3956,3
3957,3
3958,3
3959,5
3960,6
3961,0
3962,0
3963,3
3964,2
3965,1
3966,3
3967,3
3968,3
3969,2
3970,3
3971,3
3972,0
3973,4
3974,4
3975,3
3976,5
3977,3
3978,3
3979,3
3980,3
3981,4
3982,4
3983,3
3984,3
3985,3
3986,3
3987,6
3988,3
3989,0
3990,2
3991,4
3992,5
3993,3
3994,3
3995,3
3996,3
3997,6
3998,3
3999,3
4000,3
4001,3
4002,4
4003,3
4004,3
4005,6
4006,3
4007,3
4008,3
4009,3
4010,0
4011,5
4012,6
4013,4
4014,3
4015,1
4016,3
4017,4
4018,0
4019,3
4020,5
4021,3
4022,6
4023,6
4024,6
4025,6
4026,3
4027,3
4028,6
4029,5
4030,0
4031,3
4032,0
4033,0
4034,2
4035,6
4036,3
4037,3
4038,1
4039,3
4040,5
4041,3
4042,3
4043,3
4044,0
4045,3
4046,3
4047,2
4048,0
4049,6
4050,3
4051,3
4052,3
4053,1
4054,0
4055,6
4056,5
4057,1
4058,3
4059,0
4060,4
4061,0
4062,3
4063,6
4064,1
4065,0
4066,0
4067,3
4068,0
4069,4
4070,3
4071,3
4072,3
4073,4
4074,3
4075,3
4076,6
4077,3
4078,6
4079,6
4080,3
4081,3
4082,3
4083,0
4084,6
4085,3
4086,3
4087,2
4088,3
4089,3
4090,3
4091,3
4092,4
4093,2
4094,3
4095,4
4096,3
4097,3
4098,2
4099,3
4100,6
4101,1
4102,3
4103,3
4104,5
4105,0
4106,3
4107,1
4108,3
4109,3
4110,6
4111,1
4112,0
4113,3
4114,0
4115,1
4116,3
4117,3
4118,3
4119,5
4120,3
4121,3
4122,6
4123,3
4124,0
4125,3
4126,4
4127,1
4128,3
4129,3
4130,2
4131,6
4132,0
4133,3
4134,6
4135,4
4136,3
4137,3
4138,3
4139,3
4140,3
4141,3
4142,3
4143,3
4144,3
4145,3
4146,5
4147,3
4148,5
4149,1
4150,3
4151,3
4152,6
4153,3
4154,6
4155,3
4156,6
4157,1
4158,3
4159,3
4160,0
4161,4
4162,2
4163,6
4164,0
4165,3
4166,0
4167,2
4168,3
4169,3
4170,4
4171,3
4172,3
4173,0
4174,5
4175,1
4176,5
4177,3
4178,6
4179,3
4180,3
4181,3
4182,3
4183,3
4184,3
4185,3
4186,5
4187,6
4188,1
4189,3
4190,3
4191,3
4192,3
4193,0
4194,0
4195,3
4196,4
4197,2
4198,0
4199,4
4200,5
4201,3
4202,5
4203,0
4204,2
4205,3
4206,0
4207,3
4208,3
4209,3
4210,3
4211,3
4212,3
4213,3
4214,3
4215,3
4216,6
4217,3
4218,0
4219,6
4220,2
4221,2
4222,1
4223,1
4224,4
4225,3
4226,0
4227,3
4228,3
4229,6
4230,3
4231,4
4232,6
4233,3
4234,3
4235,3
4236,3
4237,6
4238,0
4239,3
4240,3
4241,1
4242,3
4243,0
4244,3
4245,4
4246,6
4247,6
4248,4
4249,1
4250,3
4251,3
4252,3
4253,3
4254,3
4255,1
4256,4
4257,3
4258,6
4259,3
4260,0
4261,3
4262,3
4263,3
4264,3
4265,1
4266,3
4267,6
4268,1
4269,3
4270,0
4271,3
4272,3
4273,3
4274,6
4275,6
4276,3
4277,4
4278,3
4279,4
4280,4
4281,0
4282,2
4283,3
4284,3
4285,3
4286,4
4287,3
4288,3
4289,3
4290,6
4291,3
4292,3
4293,1
4294,3
4295,0
4296,4
4297,3
4298,6
4299,2
4300,6
4301,5
4302,0
4303,1
4304,6
4305,3
4306,0
4307,4
4308,3
4309,4
4310,4
4311,3
4312,3
4313,0
4314,6
4315,3
4316,5
4317,3
4318,3
4319,3
4320,3
4321,4
4322,2
4323,6
4324,6
4325,0
4326,5
4327,3
4328,3
4329,0
4330,0
4331,3
4332,3
4333,3
4334,3
4335,3
4336,3
4337,0
4338,1
4339,3
4340,3
4341,2
4342,3
4343,0
4344,3
4345,6
4346,3
4347,6
4348,3
4349,1
4350,3
4351,0
4352,3
4353,3
4354,2
4355,6
4356,4
4357,0
4358,5
4359,3
4360,1
4361,0
4362,1
4363,3
4364,3
4365,3
4366,0
4367,0
4368,0
4369,4
4370,4
4371,6
4372,0
4373,6
4374,0
4375,0
4376,2
4377,4
4378,4
4379,5
4380,3
4381,4
4382,3
4383,3
4384,3
4385,3
4386,3
4387,2
4388,0
4389,3
4390,1
4391,6
4392,6
4393,3
4394,4
4395,3
4396,4
4397,6
4398,4
4399,3
4400,0
4401,3
4402,0
4403,3
4404,3
4405,3
4406,6
4407,6
4408,3
4409,3
4410,6
4411,6
4412,3
4413,4
4414,3
4415,3
4416,3
4417,3
4418,3
4419,3
4420,3
4421,1
4422,3
4423,6
4424,6
4425,1
4426,1
4427,0
4428,3
4429,6
4430,3
4431,3
4432,3
4433,4
4434,3
4435,3
4436,3
4437,0
4438,3
4439,6
4440,3
4441,3
4442,2
4443,3
4444,3
4445,0
4446,6
4447,2
4448,3
4449,6
4450,3
4451,0
4452,3
4453,3
4454,3
4455,3
4456,6
4457,2
4458,6
4459,3
4460,3
4461,0
4462,2
4463,2
4464,3
4465,1
4466,1
4467,3
4468,4
4469,0
4470,0
4471,3
4472,0
4473,6
4474,3
4475,5
4476,3
4477,3
4478,0
4479,3
4480,6
4481,3
4482,1
4483,6
4484,3
4485,2
4486,3
4487,3
4488,4
4489,3
4490,3
4491,2
4492,3
4493,1
4494,1
4495,4
4496,4
4497,3
4498,3
4499,3
4500,3
4501,0
4502,3
4503,4
4504,2
4505,3
4506,3
4507,5
4508,3
4509,4
4510,3
4511,5
4512,6
4513,3
4514,3
4515,4
4516,5
4517,3
4518,0
4519,3
4520,0
4521,2
4522,3
4523,2
4524,6
4525,3
4526,2
4527,0
4528,3
4529,6
4530,0
4531,5
4532,3
4533,3
4534,3
4535,0
4536,3
4537,0
4538,3
4539,4
4540,3
4541,6
4542,3
4543,6
4544,1
4545,5
4546,5
4547,0
4548,3
4549,4
4550,3
4551,3
4552,6
4553,3
4554,3
4555,4
4556,4
4557,4
4558,3
4559,3
4560,6
4561,3
4562,4
4563,3
4564,3
4565,6
4566,3
4567,2
4568,2
4569,3
4570,0
4571,6
4572,3
4573,0
4574,6
4575,3
4576,6
4577,3
4578,6
4579,3
4580,0
4581,3
4582,3
4583,4
4584,4
4585,6
4586,3
4587,6
4588,2
4589,6
4590,3
4591,3
4592,3
4593,6
4594,3
4595,3
4596,5
4597,3
4598,3
4599,3
4600,3
4601,6
4602,3
4603,5
4604,0
4605,4
4606,3
4607,3
4608,3
4609,3
4610,2
4611,3
4612,3
4613,3
4614,1
4615,3
4616,3
4617,3
4618,0
4619,6
4620,0
4621,3
4622,4
4623,6
4624,6
4625,3
4626,3
4627,0
4628,1
4629,3
4630,2
4631,2
4632,3
4633,3
4634,2
4635,3
4636,2
4637,6
4638,3
4639,3
4640,2
4641,4
4642,3
4643,3
4644,1
4645,3
4646,6
4647,3
4648,4
4649,0
4650,3
4651,3
4652,3
4653,5
4654,3
4655,0
4656,0
4657,3
4658,6
4659,6
4660,2
4661,0
4662,3
4663,2
4664,6
4665,3
4666,6
4667,5
4668,3
4669,6
4670,1
4671,1
4672,3
4673,3
4674,1
4675,1
4676,0
4677,3
4678,3
4679,6
4680,5
4681,0
4682,3
4683,4
4684,4
4685,2
4686,3
4687,3
4688,0
4689,0
4690,3
4691,3
4692,3
4693,3
4694,3
4695,3
4696,2
4697,3
4698,5
4699,6
4700,6
4701,3
4702,1
4703,6
4704,3
4705,3
4706,6
4707,0
4708,3
4709,4
4710,3
4711,3
4712,3
4713,3
4714,0
4715,3
4716,2
4717,3
4718,2
4719,3
4720,5
4721,3
4722,3
4723,3
4724,3
4725,0
4726,3
4727,4
4728,0
4729,3
4730,2
4731,1
4732,0
4733,3
4734,4
4735,3
4736,6
4737,2
4738,3
4739,5
4740,0
4741,3
4742,3
4743,3
4744,2
4745,1
4746,5
4747,3
4748,3
4749,6
4750,3
4751,5
4752,3
4753,3
4754,3
4755,6
4756,3
4757,2
4758,0
4759,3
4760,3
4761,3
4762,6
4763,0
4764,2
4765,3
4766,1
4767,3
4768,3
4769,3
4770,3
4771,3
4772,5
4773,4
4774,3
4775,5
4776,3
4777,6
4778,3
4779,3
4780,3
4781,6
4782,5
4783,3
4784,3
4785,3
4786,3
4787,2
4788,3
4789,3
4790,3
4791,3
4792,6
4793,4
4794,0
4795,4
4796,0
4797,1
4798,3
4799,3
4800,3
4801,2
4802,5
4803,3
4804,1
4805,6
4806,2
4807,0
4808,6
4809,3
4810,3
4811,0
4812,3
4813,3
4814,5
4815,6
4816,6
4817,5
4818,0
4819,3
4820,3
4821,5
4822,3
4823,0
4824,3
4825,3
4826,3
4827,6
4828,1
4829,4
4830,4
4831,4
4832,3
4833,2
4834,3
4835,3
4836,0
4837,3
4838,3
4839,6
4840,3
4841,3
4842,0
4843,3
4844,3
4845,6
4846,0
4847,6
4848,3
4849,1
4850,3
4851,2
4852,2
4853,3
4854,4
4855,4
4856,6
4857,4
4858,3
4859,3
4860,3
4861,2
4862,6
4863,3
4864,3
4865,4
4866,0
4867,0
4868,4
4869,3
4870,1
4871,4
4872,0
4873,0
4874,6
4875,6
4876,2
4877,0
4878,3
4879,3
4880,3
4881,1
4882,3
4883,6
4884,3
4885,3
4886,0
4887,3
4888,3
4889,3
4890,3
4891,0
4892,3
4893,1
4894,0
4895,5
4896,3
4897,3
4898,4
4899,2
4900,3
4901,2
4902,1
4903,3
4904,6
4905,3
4906,4
4907,1
4908,1
4909,3
4910,3
4911,2
4912,3
4913,5
4914,0
4915,6
4916,3
4917,1
4918,6
4919,3
4920,3
4921,1
4922,4
4923,4
4924,3
4925,3
4926,3
4927,3
4928,4
4929,6
4930,5
4931,3
4932,6
4933,4
4934,6
4935,5
4936,3
4937,2
4938,6
4939,3
4940,3
4941,3
4942,2
4943,3
4944,4
4945,6
4946,3
4947,0
4948,5
4949,3
4950,4
4951,6
4952,2
4953,6
4954,6
4955,1
4956,6
4957,2
4958,6
4959,2
4960,3
4961,3
4962,3
4963,0
4964,3
4965,3
4966,5
4967,3
4968,3
4969,3
4970,3
4971,0
4972,4
4973,0
4974,3
4975,2
4976,5
4977,3
4978,3
4979,1
4980,3
4981,0
4982,2
4983,3
4984,3
4985,6
4986,5
4987,3
4988,3
4989,3
4990,0
4991,0
4992,6
4993,3
4994,3
4995,3
4996,3
4997,6
4998,0
4999,3
5000,3
5001,3
5002,3
5003,4
5004,3
5005,0
5006,3
5007,2
5008,2
5009,0
5010,3
5011,3
5012,6
5013,1
5014,6
5015,3
5016,0
5017,3
5018,4
5019,3
5020,3
5021,3
5022,6
5023,0
5024,3
5025,4
5026,0
5027,2
5028,5
5029,3
5030,0
5031,3
5032,3
5033,3
5034,6
5035,3
5036,3
5037,3
5038,1
5039,3
5040,0
5041,0
5042,3
5043,3
5044,0
5045,2
5046,3
5047,5
5048,2
5049,2
5050,3
5051,0
5052,3
5053,3
5054,3
5055,6
5056,3
5057,3
5058,3
5059,3
5060,2
5061,3
5062,3
5063,3
5064,2
5065,3
5066,1
5067,1
5068,3
5069,4
5070,3
5071,0
5072,2
5073,0
5074,3
5075,2
5076,3
5077,0
5078,3
5079,3
5080,3
5081,3
5082,6
5083,0
5084,6
5085,5
5086,1
5087,1
5088,3
5089,0
5090,3
5091,6
5092,3
5093,1
5094,3
5095,0
5096,3
5097,3
5098,3
5099,2
5100,3
5101,3
5102,6
5103,6
5104,2
5105,4
5106,0
5107,2
5108,5
5109,6
5110,3
5111,6
5112,3
5113,3
5114,5
5115,6
5116,5
5117,3
5118,3
5119,1
5120,3
5121,6
5122,6
5123,3
5124,4
5125,6
5126,3
5127,3
5128,3
5129,3
5130,6
5131,3
5132,2
5133,3
5134,3
5135,2
5136,0
5137,3
5138,6
5139,3
5140,0
5141,6
5142,3
5143,3
5144,3
5145,3
5146,4
5147,0
5148,1
5149,3
5150,5
5151,0
5152,3
5153,4
5154,2
5155,6
5156,3
5157,5
5158,3
5159,0
5160,3
5161,3
5162,0
5163,4
5164,3
5165,3
5166,3
5167,6
5168,6
5169,2
5170,3
5171,2
5172,3
5173,3
5174,0
5175,0
5176,3
5177,6
5178,3
5179,3
5180,4
5181,1
5182,1
5183,3
5184,4
5185,0
5186,0
5187,2
5188,3
5189,3
5190,2
5191,6
5192,6
5193,3
5194,3
5195,2
5196,2
5197,3
5198,3
5199,3
5200,0
5201,3
5202,3
5203,3
5204,3
5205,3
5206,2
5207,4
5208,3
5209,4
5210,3
5211,3
5212,1
5213,0
5214,1
5215,3
5216,3
5217,6
5218,3
5219,3
5220,3
5221,3
5222,6
5223,3
5224,3
5225,3
5226,3
5227,3
5228,1
5229,3
5230,3
5231,0
5232,3
5233,3
5234,1
5235,3
5236,0
5237,3
5238,3
5239,3
5240,6
5241,6
5242,1
5243,4
5244,3
5245,3
5246,3
5247,3
5248,3
5249,3
5250,3
5251,3
5252,3
5253,0
5254,6
5255,3
5256,2
5257,3
5258,0
5259,6
5260,4
5261,3
5262,6
5263,3
5264,0
5265,2
5266,0
5267,0
5268,3
5269,3
5270,0
5271,6
5272,0
5273,3
5274,3
5275,3
5276,3
5277,3
5278,1
5279,3
5280,3
5281,3
5282,0
5283,6
5284,3
5285,4
5286,3
5287,4
5288,4
5289,3
5290,0
5291,6
5292,4
5293,4
5294,4
5295,3
5296,4
5297,3
5298,3
5299,1
5300,3
5301,3
5302,3
5303,3
5304,2
5305,3
5306,3
5307,0
5308,0
5309,3
5310,6
5311,3
5312,3
5313,3
5314,6
5315,1
5316,6
5317,2
5318,1
5319,1
5320,5
5321,0
5322,1
5323,3
5324,1
5325,6
5326,3
5327,4
5328,0
5329,3
5330,1
5331,6
5332,3
5333,5
5334,1
5335,1
5336,6
5337,4
5338,2
5339,3
5340,1
5341,6
5342,5
5343,3
5344,4
5345,3
5346,3
5347,6
5348,4
5349,3
5350,3
5351,3
5352,5
5353,3
5354,3
5355,3
5356,6
5357,6
5358,0
5359,6
5360,6
5361,6
5362,3
5363,6
5364,3
5365,3
5366,3
5367,2
5368,5
5369,2
5370,3
5371,3
5372,3
5373,5
5374,3
5375,4
5376,3
5377,6
5378,3
5379,5
5380,3
5381,6
5382,3
5383,3
5384,3
5385,6
5386,2
5387,2
5388,3
5389,3
5390,3
5391,6
5392,4
5393,3
5394,3
5395,3
5396,3
5397,3
5398,3
5399,6
5400,3
5401,3
5402,3
5403,2
5404,3
5405,3
5406,3
5407,3
5408,3
5409,3
5410,6
5411,6
5412,3
5413,3
5414,3
5415,1
5416,0
5417,6
5418,3
5419,3
5420,0
5421,5
5422,2
5423,6
5424,4
5425,3
5426,0
5427,3
5428,5
5429,4
5430,6
5431,2
5432,3
5433,1
5434,3
5435,3
5436,3
5437,3
5438,3
5439,6
5440,0
5441,3
5442,2
5443,3
5444,0
5445,3
5446,3
5447,3
5448,2
5449,1
5450,5
5451,3
5452,0
5453,3
5454,3
5455,0
5456,6
5457,2
5458,3
5459,6
5460,6
5461,0
5462,2
5463,3
5464,4
5465,3
5466,1
5467,4
5468,1
5469,3
5470,3
5471,3
5472,3
5473,0
5474,3
5475,0
5476,6
5477,3
5478,6
5479,3
5480,2
5481,5
5482,0
5483,3
5484,3
5485,3
5486,1
5487,3
5488,6
5489,4
5490,4
5491,1
5492,3
5493,0
5494,6
5495,3
5496,4
5497,2
5498,2
5499,5
5500,3
5501,1
5502,6
5503,0
5504,3
5505,2
5506,3
5507,3
5508,3
5509,3
5510,5
5511,3
5512,3
5513,0
5514,3
5515,0
5516,3
5517,3
5518,3
5519,3
5520,3
5521,0
5522,3
5523,3
5524,3
5525,3
5526,2
5527,3
5528,3
5529,0
5530,3
5531,3
5532,3
5533,3
5534,3
5535,6
5536,6
5537,6
5538,4
5539,3
5540,3
5541,3
5542,3
5543,0
5544,0
5545,3
5546,6
5547,3
5548,3
5549,3
5550,6
5551,3
5552,3
5553,0
5554,3
5555,2
5556,3
5557,3
5558,0
5559,4
5560,0
5561,5
5562,4
5563,0
5564,5
5565,1
5566,3
5567,0
5568,0
5569,6
5570,3
5571,3
5572,3
5573,3
5574,3
5575,3
5576,6
5577,2
5578,3
5579,1
5580,3
5581,3
5582,3
5583,0
5584,5
5585,3
5586,3
5587,0
5588,4
5589,4
5590,4
5591,3
5592,6
5593,2
5594,3
5595,3
5596,4
5597,3
5598,4
5599,3
5600,3
5601,3
5602,3
5603,3
5604,3
5605,0
5606,2
5607,1
5608,3
5609,2
5610,6
5611,3
5612,6
5613,3
5614,1
5615,6
5616,3
5617,5
5618,6
5619,3
5620,0
5621,0
5622,1
5623,1
5624,3
5625,6
5626,3
5627,3
5628,0
5629,0
5630,3
5631,3
5632,3
5633,5
5634,3
5635,0
5636,5
5637,3
5638,0
5639,6
5640,3
5641,4
5642,3
5643,6
5644,2
5645,6
5646,2
5647,2
5648,3
5649,6
5650,3
5651,3
5652,0
5653,6
5654,5
5655,3
5656,0
5657,0
5658,3
5659,3
5660,4
5661,3
5662,1
5663,3
5664,2
5665,0
5666,2
5667,3
5668,3
5669,3
5670,4
5671,3
5672,5
5673,2
5674,2
5675,0
5676,3
5677,3
5678,3
5679,3
5680,3
5681,5
5682,5
5683,5
5684,3
5685,3
5686,4
5687,0
5688,3
5689,0
5690,1
5691,3
5692,3
5693,5
5694,3
5695,1
5696,3
5697,3
5698,4
5699,2
5700,3
5701,5
5702,3
5703,3
5704,2
5705,5
5706,3
5707,6
5708,3
5709,1
5710,6
5711,0
5712,2
5713,2
5714,3
5715,1
5716,3
5717,6
5718,3
5719,0
5720,0
5721,3
5722,3
5723,4
5724,1
5725,3
5726,4
5727,6
5728,6
5729,3
5730,3
5731,3
5732,3
5733,3
5734,3
5735,6
5736,6
5737,3
5738,3
5739,3
5740,6
5741,5
5742,6
5743,3
5744,3
5745,3
5746,3
5747,0
5748,5
5749,3
5750,3
5751,4
5752,3
5753,3
5754,3
5755,3
5756,3
5757,3
5758,2
5759,3
5760,3
5761,3
5762,3
5763,3
5764,1
5765,3
5766,3
5767,3
5768,0
5769,1
5770,5
5771,1
5772,0
5773,3
5774,3
5775,3
5776,0
5777,6
5778,2
5779,3
5780,3
5781,3
5782,3
5783,3
5784,6
5785,3
5786,1
5787,3
5788,3
5789,4
5790,3
5791,3
5792,1
5793,6
5794,3
5795,3
5796,6
5797,5
5798,5
5799,3
5800,3
5801,6
5802,6
5803,3
5804,3
5805,4
5806,3
5807,6
5808,4
5809,6
5810,3
5811,3
5812,3
5813,3
5814,1
5815,5
5816,0
5817,3
5818,6
5819,3
5820,3
5821,2
5822,3
5823,4
5824,3
5825,0
5826,6
5827,3
5828,3
5829,3
5830,3
5831,3
5832,3
5833,3
5834,6
5835,3
5836,3
5837,1
5838,3
5839,2
5840,0
5841,3
5842,3
5843,5
5844,3
5845,2
5846,3
5847,3
5848,4
5849,0
5850,3
5851,2
5852,6
5853,6
5854,3
5855,3
5856,3
5857,3
5858,3
5859,0
5860,1
5861,3
5862,3
5863,3
5864,0
5865,3
5866,0
5867,3
5868,4
5869,2
5870,3
5871,3
5872,3
5873,1
5874,3
5875,4
5876,0
5877,3
5878,2
5879,3
5880,6
5881,3
5882,3
5883,6
5884,1
5885,3
5886,6
5887,4
5888,5
5889,3
5890,0
5891,6
5892,5
5893,3
5894,3
5895,0
5896,3
5897,0
5898,6
5899,3
5900,4
5901,1
5902,3
5903,3
5904,3
5905,2
5906,6
5907,3
5908,6
5909,0
5910,5
5911,3
5912,3
5913,0
5914,1
5915,6
5916,5
5917,6
5918,3
5919,0
5920,3
5921,3
5922,0
5923,3
5924,0
5925,2
5926,1
5927,0
5928,2
5929,3
5930,3
5931,3
5932,3
5933,3
5934,0
5935,3
5936,3
5937,3
5938,3
5939,1
5940,3
5941,2
5942,3
5943,3
5944,3
5945,6
5946,3
5947,0
5948,5
5949,2
5950,3
5951,3
5952,3
5953,2
5954,4
5955,6
5956,3
5957,3
5958,6
5959,5
5960,3
5961,2
5962,3
5963,5
5964,0
5965,3
5966,0
5967,3
5968,3
5969,3
5970,3
5971,3
5972,1
5973,5
5974,6
5975,0
5976,6
5977,0
5978,3
5979,3
5980,3
5981,3
5982,4
5983,3
5984,3
5985,6
5986,3
5987,2
5988,2
5989,6
5990,3
5991,2
5992,1
5993,3
5994,3
5995,3
5996,6
5997,3
5998,0
5999,3
6000,3
6001,2
6002,4
6003,0
6004,1
6005,3
6006,3
6007,6
6008,6
6009,2
6010,4
6011,3
6012,3
6013,3
6014,3
6015,3
6016,3
6017,5
6018,3
6019,3
6020,3
6021,6
6022,4
6023,0
6024,3
6025,6
6026,2
6027,3
6028,0
6029,2
6030,2
6031,0
6032,5
6033,0
6034,3
6035,5
6036,3
6037,3
6038,1
6039,3
6040,1
6041,3
6042,2
6043,1
6044,3
6045,3
6046,3
6047,6
6048,3
6049,0
6050,1
6051,3
6052,3
6053,3
6054,3
6055,5
6056,4
6057,6
6058,6
6059,3
6060,3
6061,5
6062,3
6063,3
6064,3
6065,4
6066,3
6067,3
6068,3
6069,3
6070,3
6071,3
6072,6
6073,3
6074,3
6075,2
6076,4
6077,2
6078,1
6079,4
6080,3
6081,3
6082,3
6083,0
6084,3
6085,3
6086,1
6087,3
6088,3
6089,2
6090,3
6091,6
6092,6
6093,0
6094,0
6095,2
6096,6
6097,2
6098,5
6099,3
6100,3
6101,5
6102,2
6103,3
6104,3
6105,1
6106,0
6107,6
6108,0
6109,3
6110,3
6111,2
6112,5
6113,0
6114,2
6115,3
6116,3
6117,1
6118,3
6119,3
6120,3
6121,3
6122,3
6123,2
6124,3
6125,3
6126,6
6127,3
6128,5
6129,3
6130,0
6131,3
6132,4
6133,1
6134,1
6135,0
6136,3
6137,3
6138,0
6139,3
6140,1
6141,4
6142,4
6143,2
6144,3
6145,3
6146,3
6147,3
6148,6
6149,4
6150,3
6151,3
6152,4
6153,4
6154,3
6155,4
6156,3
6157,6
6158,2
6159,6
6160,3
6161,2
6162,3
6163,3
6164,3
6165,6
6166,3
6167,1
6168,3
6169,3
6170,3
6171,0
6172,3
6173,3
6174,2
6175,0
6176,6
6177,2
6178,0
6179,6
6180,5
6181,4
6182,5
6183,3
6184,3
6185,3
6186,3
6187,4
6188,0
6189,3
6190,5
6191,3
6192,3
6193,3
6194,3
6195,4
6196,2
6197,3
6198,2
6199,3
6200,3
6201,0
6202,3
6203,5
6204,2
6205,3
6206,3
6207,3
6208,3
6209,3
6210,3
6211,2
6212,5
6213,4
6214,4
6215,3
6216,3
6217,6
6218,3
6219,3
6220,0
6221,6
6222,3
6223,3
6224,1
6225,3
6226,3
6227,6
6228,5
6229,1
6230,3
6231,3
6232,3
6233,3
6234,6
6235,0
6236,3
6237,3
6238,2
6239,3
6240,0
6241,3
6242,0
6243,3
6244,3
6245,3
6246,4
6247,3
6248,3
6249,1
6250,3
6251,3
6252,6
6253,3
6254,3
6255,6
6256,4
6257,6
6258,1
6259,6
6260,3
6261,3
6262,3
6263,3
6264,0
6265,6
6266,3
6267,3
6268,3
6269,2
6270,0
6271,3
6272,3
6273,3
6274,5
6275,3
6276,0
6277,3
6278,3
6279,4
6280,3
6281,3
6282,5
6283,3
6284,3
6285,2
6286,6
6287,4
6288,3
6289,3
6290,3
6291,3
6292,3
6293,0
6294,4
6295,4
6296,1
6297,4
6298,3
6299,6
6300,3
6301,3
6302,6
6303,3
6304,1
6305,3
6306,2
6307,3
6308,3
6309,3
6310,0
6311,3
6312,6
6313,6
6314,3
6315,1
6316,0
6317,0
6318,3
6319,6
6320,3
6321,0
6322,5
6323,1
6324,3
6325,1
6326,2
6327,5
6328,6
6329,4
6330,3
6331,5
6332,4
6333,3
6334,3
6335,5
6336,3
6337,3
6338,0
6339,3
6340,3
6341,3
6342,6
6343,6
6344,4
6345,3
6346,3
6347,3
6348,0
6349,1
6350,3
6351,3
6352,4
6353,0
6354,3
6355,3
6356,0
6357,2
6358,0
6359,3
6360,3
6361,4
6362,1
6363,3
6364,0
6365,5
6366,5
6367,6
6368,6
6369,0
6370,4
6371,3
6372,3
6373,6
6374,3
6375,2
6376,6
6377,1
6378,6
6379,3
6380,3
6381,4
6382,3
6383,6
6384,4
6385,3
6386,3
6387,3
6388,3
6389,2
6390,1
6391,3
6392,6
6393,6
6394,3
6395,3
6396,3
6397,6
6398,6
6399,5
6400,3
6401,3
6402,4
6403,3
6404,3
6405,0
6406,3
6407,3
6408,3
6409,5
6410,3
6411,0
6412,0
6413,0
6414,0
6415,2
6416,3
6417,3
6418,3
6419,6
6420,3
6421,3
6422,3
6423,6
6424,3
6425,5
6426,1
6427,3
6428,6
6429,3
6430,4
6431,3
6432,6
6433,6
6434,4
6435,0
6436,6
6437,3
6438,3
6439,3
6440,6
6441,3
6442,0
6443,0
6444,6
6445,3
6446,2
6447,4
6448,3
6449,6
6450,3
6451,3
6452,3
6453,3
6454,0
6455,0
6456,3
6457,3
6458,3
6459,2
6460,1
6461,3
6462,0
6463,4
6464,5
6465,3
6466,6
6467,1
6468,6
6469,6
6470,3
6471,3
6472,3
6473,2
6474,5
6475,5
6476,6
6477,3
6478,6
6479,4
6480,3
6481,3
6482,3
6483,3
6484,3
6485,3
6486,2
6487,0
6488,3
6489,3
6490,6
6491,3
6492,1
6493,3
6494,0
6495,3
6496,5
6497,2
6498,3
6499,3
6500,3
6501,1
6502,3
6503,1
6504,0
6505,3
6506,3
6507,1
6508,6
6509,0
6510,0
6511,3
6512,3
6513,3
6514,6
6515,3
6516,4
6517,3
6518,6
6519,3
6520,3
6521,1
6522,2
6523,4
6524,3
6525,5
6526,3
6527,6
6528,1
6529,3
6530,3
6531,5
6532,3
6533,2
6534,1
6535,1
6536,3
6537,3
6538,3
6539,3
6540,3
6541,5
6542,0
6543,0
6544,1
6545,3
6546,3
6547,4
6548,0
6549,0
6550,5
6551,3
6552,0
6553,1
6554,1
6555,6
6556,6
6557,6
6558,3
6559,6
6560,6
6561,3
6562,3
6563,3
6564,3
6565,3
6566,6
6567,3
6568,3
6569,3
6570,6
6571,0
6572,3
6573,3
6574,2
6575,1
6576,0
6577,2
6578,3
6579,0
6580,4
6581,3
6582,4
6583,3
6584,6
6585,1
6586,4
6587,6
6588,3
6589,6
6590,3
6591,3
6592,4
6593,3
6594,3
6595,3
6596,2
6597,0
6598,0
6599,3
6600,3
6601,3
6602,3
6603,5
6604,3
6605,3
6606,3
6607,0
6608,2
6609,3
6610,3
6611,3
6612,0
6613,3
6614,6
6615,6
6616,3
6617,6
6618,3
6619,3
6620,6
6621,3
6622,3
6623,3
6624,2
6625,3
6626,0
6627,1
6628,6
6629,1
6630,3
6631,0
6632,3
6633,0
6634,1
6635,6
6636,3
6637,3
6638,3
6639,4
6640,3
6641,0
6642,3
6643,4
6644,6
6645,2
6646,3
6647,2
6648,4
6649,3
6650,4
6651,3
6652,1
6653,5
6654,6
6655,3
6656,3
6657,0
6658,2
6659,3
6660,3
6661,3
6662,2
6663,3
6664,2
6665,3
6666,2
6667,3
6668,6
6669,4
6670,3
6671,3
6672,0
6673,3
6674,3
6675,6
6676,3
6677,3
6678,3
6679,2
6680,0
6681,0
6682,6
6683,3
6684,4
6685,0
6686,5
6687,3
6688,2
6689,4
6690,0
6691,0
6692,3
6693,3
6694,3
6695,2
6696,3
6697,3
6698,4
6699,3
6700,1
6701,3
6702,6
6703,3
6704,2
6705,6
6706,3
6707,3
6708,0
6709,2
6710,0
6711,6
6712,6
6713,3
6714,3
6715,3
6716,3
6717,3
6718,3
6719,1
6720,2
6721,0
6722,3
6723,0
6724,6
6725,3
6726,6
6727,6
6728,2
6729,6
6730,0
6731,3
6732,3
6733,2
6734,4
6735,3
6736,1
6737,3
6738,3
6739,3
6740,5
6741,5
6742,3
6743,6
6744,4
6745,5
6746,3
6747,3
6748,6
6749,3
6750,2
6751,3
6752,3
6753,0
6754,6
6755,4
6756,3
6757,3
6758,3
6759,4
6760,3
6761,3
6762,3
6763,4
6764,2
6765,1
6766,6
6767,3
6768,3
6769,3
6770,1
6771,0
6772,3
6773,3
6774,4
6775,3
6776,3
6777,6
6778,3
6779,2
6780,6
6781,3
6782,1
6783,0
6784,3
6785,0
6786,0
6787,5
6788,2
6789,6
6790,6
6791,6
6792,3
6793,2
6794,3
6795,3
6796,3
6797,3
6798,2
6799,4
6800,3
6801,3
6802,3
6803,5
6804,6
6805,6
6806,3
6807,3
6808,0
6809,0
6810,1
6811,6
6812,3
6813,3
6814,2
6815,5
6816,0
6817,3
6818,1
6819,6
6820,3
6821,3
6822,0
6823,3
6824,5
6825,4
6826,3
6827,3
6828,5
6829,2
6830,2
6831,0
6832,3
6833,3
6834,0
6835,0
6836,3
6837,3
6838,3
6839,3
6840,3
6841,4
6842,0
6843,2
6844,1
6845,4
6846,3
6847,3
6848,6
6849,0
6850,1
6851,6
6852,1
6853,0
6854,5
6855,3
6856,1
6857,3
6858,2
6859,6
6860,3
6861,3
6862,3
6863,5
6864,0
6865,3
6866,0
6867,2
6868,3
6869,3
6870,3
6871,3
6872,0
6873,3
6874,0
6875,3
6876,3
6877,3
6878,6
6879,5
6880,3
6881,6
6882,3
6883,3
6884,3
6885,6
6886,3
6887,0
6888,3
6889,2
6890,6
6891,3
6892,2
6893,3
6894,6
6895,1
6896,2
6897,3
6898,0
6899,3
6900,3
6901,2
6902,3
6903,3
6904,0
6905,3
6906,3
6907,3
6908,0
6909,3
6910,3
6911,0
6912,3
6913,0
6914,3
6915,0
6916,3
6917,2
6918,1
6919,3
6920,1
6921,3
6922,5
6923,3
6924,0
6925,5
6926,6
6927,3
6928,1
6929,2
6930,3
6931,3
6932,3
6933,0
6934,3
6935,0
6936,4
6937,0
6938,6
6939,5
6940,2
6941,3
6942,1
6943,6
6944,0
6945,6
6946,0
6947,1
6948,6
6949,5
6950,3
6951,3
6952,0
6953,0
6954,3
6955,4
6956,6
6957,3
6958,3
6959,6
6960,0
6961,0
6962,3
6963,2
6964,3
6965,1
6966,6
6967,5
6968,2
6969,6
6970,3
6971,3
6972,3
6973,4
6974,4
6975,2
6976,4
6977,3
6978,5
6979,3
6980,6
6981,3
6982,0
6983,4
6984,3
6985,3
6986,3
6987,1
6988,3
6989,2
6990,0
6991,5
6992,2
6993,6
6994,3
6995,6
6996,1
6997,0
6998,0
6999,3
7000,3
7001,0
7002,3
7003,0
7004,3
7005,0
7006,4
7007,3
7008,3
7009,3
7010,3
7011,0
7012,3
7013,3
7014,2
7015,3
7016,3
7017,3
7018,3
7019,3
7020,6
7021,3
7022,3
7023,4
7024,3
7025,1
7026,6
7027,0
7028,5
7029,0
7030,3
7031,3
7032,6
7033,4
7034,3
7035,3
7036,3
7037,0
7038,3
7039,2
7040,3
7041,3
7042,3
7043,2
7044,3
7045,3
7046,3
7047,3
7048,5
7049,3
7050,6
7051,3
7052,2
7053,0
7054,5
7055,3
7056,4
7057,1
7058,2
7059,3
7060,3
7061,3
7062,3
7063,3
7064,0
7065,3
7066,0
7067,6
7068,3
7069,6
7070,3
7071,3
7072,3
7073,0
7074,3
7075,4
7076,6
7077,3
7078,6
7079,3
7080,3
7081,1
7082,3
7083,3
7084,6
7085,0
7086,6
7087,2
7088,6
7089,6
7090,2
7091,3
7092,0
7093,3
7094,3
7095,6
7096,3
7097,0
7098,5
7099,1
7100,1
7101,0
7102,4
7103,6
7104,3
7105,0
7106,6
7107,2
7108,6
7109,3
7110,6
7111,0
7112,3
7113,3
7114,2
7115,3
7116,3
7117,3
7118,6
7119,3
7120,3
7121,4
7122,6
7123,3
7124,3
7125,0
7126,2
7127,1
7128,0
7129,6
7130,3
7131,3
7132,4
7133,1
7134,3
7135,3
7136,3
7137,3
7138,1
7139,0
7140,1
7141,5
7142,3
7143,3
7144,6
7145,3
7146,1
7147,2
7148,3
7149,3
7150,4
7151,3
7152,3
7153,0
7154,3
7155,3
7156,3
7157,3
7158,1
7159,3
7160,4
7161,1
7162,6
7163,3
7164,6
7165,2
7166,5
7167,3
7168,3
7169,6
7170,3
7171,3
7172,3
7173,3
7174,3
7175,3
7176,0
7177,3
7178,3
7179,6
7180,2
7181,3
7182,3
7183,2
7184,3
7185,6
7186,3
7187,3
7188,3
7189,6
7190,3
7191,3
7192,3
7193,3
7194,0
7195,0
7196,5
7197,3
7198,6
7199,3
7200,4
7201,4
7202,1
7203,3
7204,3
7205,0
7206,3
7207,6
7208,6
7209,3
7210,3
7211,6
7212,3
7213,6
7214,3
7215,3
7216,0
7217,1
7218,6
7219,3
7220,3
7221,6
7222,3
7223,0
7224,3
7225,4
7226,3
7227,3
7228,6
7229,3
7230,3
7231,3
7232,3
7233,3
7234,4
7235,3
7236,1
7237,0
7238,2
7239,0
7240,3
7241,1
7242,2
7243,3
7244,6
7245,3
7246,0
7247,5
7248,5
7249,4
7250,3
7251,1
7252,0
7253,4
7254,3
7255,3
7256,4
7257,3
7258,3
7259,3
7260,4
7261,3
7262,0
7263,3
7264,3
7265,0
7266,3
7267,0
7268,3
7269,3
7270,0
7271,3
7272,3
7273,3
7274,1
7275,5
7276,1
7277,3
7278,3
7279,3
7280,1
7281,3
7282,3
7283,3
7284,3
7285,3
7286,3
7287,1
7288,6
7289,6
7290,3
7291,0
7292,3
7293,3
7294,3
7295,2
7296,6
7297,1
7298,3
7299,0
7300,3
7301,3
7302,3
7303,1
7304,5
7305,3
7306,2
7307,6
7308,3
7309,3
7310,6
7311,6
7312,4
7313,2
7314,3
7315,1
7316,3
7317,0
7318,6
7319,5
7320,3
7321,3
7322,3
7323,6
7324,3
7325,3
7326,3
7327,0
7328,3
7329,3
7330,6
7331,5
7332,3
7333,3
7334,1
7335,3
7336,3
7337,0
7338,3
7339,1
7340,0
7341,3
7342,5
7343,2
7344,6
7345,1
7346,1
7347,6
7348,3
7349,6
7350,5
7351,0
7352,6
7353,4
7354,2
7355,4
7356,3
7357,3
7358,3
7359,1
7360,4
7361,5
7362,3
7363,1
7364,3
7365,3
7366,6
7367,3
7368,4
7369,6
7370,0
7371,5
7372,5
7373,3
7374,0
7375,3
7376,3
7377,3
7378,5
7379,3
7380,3
7381,3
7382,6
7383,6
7384,4
7385,3
7386,0
7387,2
7388,3
7389,2
7390,2
7391,5
7392,3
7393,3
7394,3
7395,4
7396,1
7397,6
7398,3
7399,5
7400,0
7401,3
7402,3
7403,3
7404,0
7405,4
7406,1
7407,2
7408,3
7409,0
7410,5
7411,1
7412,3
7413,6
7414,3
7415,2
7416,5
7417,3
7418,3
7419,3
7420,6
7421,3
7422,5
7423,0
7424,4
7425,3
7426,0
7427,3
7428,2
7429,3
7430,0
7431,3
7432,3
7433,0
7434,4
7435,3
7436,3
7437,3
7438,3
7439,3
7440,6
7441,3
7442,5
7443,3
7444,3
7445,2
7446,1
7447,3
7448,0
7449,2
7450,3
7451,3
7452,3
7453,0
7454,2
7455,0
7456,3
7457,3
7458,6
7459,3
7460,3
7461,6
7462,0
7463,3
7464,3
7465,0
7466,1
7467,4
7468,1
7469,3
7470,6
7471,0
7472,1
7473,1
7474,4
7475,5
7476,3
7477,3
7478,3
7479,3
7480,1
7481,3
7482,3
7483,3
7484,4
7485,3
7486,3
7487,5
7488,3
7489,3
7490,3
7491,3
7492,1
7493,3
7494,3
7495,3
7496,1
7497,2
7498,2
7499,6
7500,4
7501,4
7502,1
7503,6
7504,4
7505,0
7506,3
7507,2
7508,3
7509,3
7510,3
7511,3
7512,3
7513,0
7514,0
7515,2
7516,3
7517,0
7518,6
7519,6
7520,6
7521,2
7522,0
7523,4
7524,5
7525,6
7526,5
7527,3
7528,1
7529,3
7530,6
7531,3
7532,1
7533,6
7534,4
7535,3
7536,3
7537,0
7538,1
7539,3
7540,3
7541,3
7542,3
7543,3
7544,2
7545,2
7546,3
7547,3
7548,2
7549,5
7550,4
7551,3
7552,0
7553,3
7554,3
7555,3
7556,2
7557,6
7558,3
7559,5
7560,0
7561,2
7562,3
7563,0
7564,3
7565,6
7566,3
7567,3
7568,5
7569,3
7570,1
7571,2
7572,3
7573,2
7574,3
7575,3
7576,3
7577,3
7578,4
7579,2
7580,6
7581,3
7582,3
7583,0
7584,3
7585,3
7586,3
7587,1
7588,3
7589,6
7590,5
7591,3
7592,0
7593,0
7594,4
7595,6
7596,3
7597,4
7598,0
7599,6
7600,6
7601,3
7602,3
7603,3
7604,3
7605,0
7606,3
7607,6
7608,6
7609,0
7610,3
7611,0
7612,3
7613,2
7614,3
7615,3
7616,6
7617,1
7618,3
7619,3
7620,3
7621,3
7622,5
7623,3
7624,4
7625,3
7626,4
7627,2
7628,6
7629,3
7630,3
7631,3
7632,6
7633,3
7634,3
7635,2
7636,4
7637,0
7638,3
7639,3
7640,3
7641,0
7642,1
7643,0
7644,1
7645,3
7646,0
7647,3
7648,4
7649,3
7650,3
7651,3
7652,5
7653,1
7654,3
7655,3
7656,3
7657,3
7658,6
7659,3
7660,6
7661,3
7662,3
7663,3
7664,3
7665,2
7666,3
7667,3
7668,5
7669,4
7670,2
7671,3
7672,3
7673,1
7674,0
7675,3
7676,0
7677,2
7678,3
7679,3
7680,3
7681,3
7682,3
7683,3
7684,3
7685,3
7686,0
7687,6
7688,5
7689,5
7690,0
7691,0
7692,3
7693,3
7694,3
7695,0
7696,1
7697,3
7698,1
7699,5
7700,3
7701,0
7702,3
7703,3
7704,1
7705,3
7706,0
7707,6
7708,6
7709,5
7710,3
7711,0
7712,3
7713,1
7714,3
7715,4
7716,3
7717,3
7718,3
7719,3
7720,3
7721,3
7722,1
7723,3
7724,5
7725,3
7726,3
7727,3
7728,3
7729,3
7730,3
7731,3
7732,3
7733,0
7734,3
7735,1
7736,3
7737,2
7738,2
7739,3
7740,3
7741,3
7742,3
7743,4
7744,0
7745,6
7746,3
7747,3
7748,0
7749,1
7750,3
7751,5
7752,2
7753,1
7754,2
7755,3
7756,0
7757,2
7758,3
7759,6
7760,3
7761,3
7762,1
7763,3
7764,6
7765,3
7766,6
7767,3
7768,4
7769,3
7770,2
7771,3
7772,3
7773,3
7774,2
7775,3
7776,4
7777,4
7778,4
7779,3
7780,2
7781,3
7782,0
7783,4
7784,6
7785,3
7786,0
7787,3
7788,1
7789,3
7790,2
7791,5
7792,3
7793,3
7794,3
7795,0
7796,1
7797,3
7798,3
7799,3
7800,3
7801,4
7802,3
7803,0
7804,4
7805,3
7806,0
7807,3
7808,6
7809,1
7810,0
7811,3
7812,5
7813,4
7814,3
7815,0
7816,3
7817,0
7818,3
7819,5
7820,3
7821,3
7822,4
7823,3
7824,3
7825,6
7826,0
7827,4
7828,0
7829,0
7830,3
7831,0
7832,3
7833,3
7834,3
7835,3
7836,3
7837,3
7838,3
7839,2
7840,3
7841,2
7842,6
7843,5
7844,0
7845,3
7846,3
7847,3
7848,6
7849,6
7850,2
7851,2
7852,3
7853,3
7854,1
7855,6
7856,3
7857,1
7858,0
7859,2
7860,3
7861,3
7862,3
7863,3
7864,3
7865,3
7866,0
7867,3
7868,2
7869,3
7870,2
7871,4
7872,3
7873,3
7874,6
7875,0
7876,3
7877,2
7878,3
7879,3
7880,3
7881,0
7882,3
7883,4
7884,4
7885,4
7886,4
7887,3
7888,3
7889,3
7890,3
7891,2
7892,5
7893,3
7894,0
7895,0
7896,6
7897,5
7898,5
7899,2
7900,6
7901,0
7902,4
7903,4
7904,3
7905,3
7906,3
7907,3
7908,0
7909,5
7910,4
7911,3
7912,3
7913,5
7914,3
7915,3
7916,0
7917,3
7918,1
7919,3
7920,4
7921,3
7922,3
7923,3
7924,5
7925,5
7926,0
7927,3
7928,3
7929,3
7930,5
7931,0
7932,6
7933,3
7934,3
7935,3
7936,3
7937,6
7938,3
7939,0
7940,3
7941,3
7942,4
7943,1
7944,3
7945,3
7946,0
7947,2
7948,3
7949,3
7950,3
7951,3
7952,3
7953,3
7954,4
7955,4
7956,3
7957,3
7958,2
7959,3
7960,6
7961,0
7962,3
7963,3
7964,2
7965,3
7966,1
7967,3
7968,2
7969,3
7970,3
7971,1
7972,3
7973,3
7974,0
7975,3
7976,3
7977,0
7978,5
7979,3
7980,3
7981,3
7982,3
7983,3
7984,3
7985,6
7986,1
7987,3
7988,3
7989,3
7990,3
7991,3
7992,6
7993,3
7994,3
7995,3
7996,1
7997,3
7998,0
7999,6
8000,3
8001,3
8002,0
8003,6
8004,3
8005,3
8006,6
8007,6
8008,3
8009,3
8010,6
8011,1
8012,0
8013,0
8014,3
8015,3
8016,3
8017,1
8018,3
8019,4
8020,3
8021,6
8022,1
8023,3
8024,6
8025,6
8026,0
8027,0
8028,3
8029,6
8030,6
8031,1
8032,0
8033,3
8034,3
8035,3
8036,3
8037,3
8038,3
8039,2
8040,3
8041,0
8042,3
8043,4
8044,2
8045,4
8046,1
8047,6
8048,6
8049,3
8050,4
8051,2
8052,1
8053,6
8054,3
8055,3
8056,5
8057,3
8058,3
8059,0
8060,3
8061,3
8062,3
8063,3
8064,6
8065,5
8066,3
8067,4
8068,3
8069,0
8070,3
8071,0
8072,3
8073,3
8074,4
8075,0
8076,0
8077,0
8078,3
8079,0
8080,6
8081,4
8082,0
8083,3
8084,3
8085,6
8086,0
8087,5
8088,6
8089,3
8090,3
8091,3
8092,0
8093,0
8094,5
8095,0
8096,3
8097,1
8098,3
8099,3
8100,3
8101,3
8102,3
8103,3
8104,0
8105,3
8106,3
8107,0
8108,3
8109,1
8110,5
8111,0
8112,2
8113,3
8114,6
8115,3
8116,3
8117,6
8118,3
8119,6
8120,4
8121,3
8122,2
8123,2
8124,2
8125,5
8126,2
8127,3
8128,6
8129,3
8130,3
8131,3
8132,1
8133,3
8134,6
8135,4
8136,3
8137,3
8138,3
8139,0
8140,3
8141,1
8142,3
8143,6
8144,0
8145,6
8146,3
8147,0
8148,6
8149,3
8150,3
8151,3
8152,3
8153,3
8154,3
8155,3
8156,2
8157,3
8158,4
8159,6
8160,6
8161,3
8162,4
8163,3
8164,3
8165,6
8166,3
8167,2
8168,3
8169,6
8170,6
8171,6
8172,3
8173,3
8174,3
8175,3
8176,3
8177,4
8178,3
8179,2
8180,4
8181,3
8182,3
8183,3
8184,3
8185,3
8186,3
8187,3
8188,3
8189,3
8190,3
8191,3
8192,3
8193,0
8194,3
8195,6
8196,0
8197,3
8198,3
8199,3
8200,0
8201,1
8202,3
8203,4
8204,0
8205,3
8206,4
8207,3
8208,3
8209,6
8210,3
8211,3
8212,3
8213,2
8214,2
8215,3
8216,3
8217,3
8218,0
8219,3
8220,4
8221,5
8222,3
8223,6
8224,3
8225,0
8226,2
8227,3
8228,2
8229,3
8230,3
8231,3
8232,1
8233,6
8234,2
8235,3
8236,3
8237,3
8238,3
8239,4
8240,3
8241,3
8242,3
8243,6
8244,4
8245,4
8246,5
8247,6
8248,0
8249,3
8250,3
8251,0
8252,6
8253,3
8254,3
8255,6
8256,0
8257,3
8258,4
8259,3
8260,5
8261,3
8262,3
8263,6
8264,0
8265,6
8266,3
8267,3
8268,0
8269,6
8270,3
8271,4
8272,3
8273,3
8274,6
8275,3
8276,3
8277,3
8278,0
8279,2
8280,3
8281,2
8282,3
8283,6
8284,6
8285,3
8286,3
8287,3
8288,3
8289,3
8290,2
8291,5
8292,3
8293,3
8294,3
8295,0
8296,0
8297,3
8298,6
8299,3
8300,3
8301,3
8302,2
8303,1
8304,3
8305,5
8306,0
8307,2
8308,0
8309,6
8310,3
8311,3
8312,4
8313,3
8314,3
8315,0
8316,2
8317,5
8318,3
8319,6
8320,3
8321,3
8322,3
8323,6
8324,3
8325,6
8326,3
8327,3
8328,6
8329,3
8330,5
8331,3
8332,6
8333,3
8334,0
8335,3
8336,0
8337,3
8338,4
8339,3
8340,3
8341,3
8342,4
8343,0
8344,3
8345,4
8346,5
8347,4
8348,0
8349,6
8350,0
8351,3
8352,3
8353,1
8354,3
8355,1
8356,3
8357,0
8358,2
8359,6
8360,3
8361,0
8362,6
8363,3
8364,2
8365,3
8366,4
8367,6
8368,3
8369,4
8370,0
8371,1
8372,0
8373,0
8374,6
8375,5
8376,3
8377,3
8378,0
8379,0
8380,0
8381,3
8382,1
8383,3
8384,6
8385,5
8386,1
8387,3
8388,6
8389,3
8390,6
8391,2
8392,3
8393,3
8394,3
8395,4
8396,6
8397,3
8398,4
8399,6
8400,2
8401,3
8402,3
8403,5
8404,3
8405,3
8406,6
8407,0
8408,0
8409,3
8410,0
8411,3
8412,3
8413,6
8414,2
8415,0
8416,3
8417,1
8418,4
8419,3
8420,5
8421,3
8422,0
8423,3
8424,3
8425,3
8426,0
8427,6
8428,2
8429,3
8430,0
8431,0
8432,3
8433,3
8434,3
8435,5
8436,3
8437,0
8438,3
8439,3
8440,0
8441,4
8442,1
8443,3
8444,4
8445,6
8446,0
8447,3
8448,3
8449,0
8450,3
8451,3
8452,0
8453,2
8454,6
8455,6
8456,2
8457,3
8458,4
8459,4
8460,3
8461,5
8462,6
8463,0
8464,3
8465,3
8466,0
8467,3
8468,3
8469,5
8470,3
8471,3
8472,6
8473,3
8474,3
8475,3
8476,2
8477,6
8478,4
8479,1
8480,3
8481,3
8482,6
8483,5
8484,0
8485,1
8486,3
8487,0
8488,0
8489,1
8490,3
8491,3
8492,3
8493,4
8494,0
8495,3
8496,0
8497,3
8498,0
8499,3
8500,2
8501,1
8502,3
8503,3
8504,3
8505,0
8506,3
8507,3
8508,6
8509,3
8510,4
8511,0
8512,3
8513,3
8514,3
8515,3
8516,3
8517,3
8518,0
8519,4
8520,5
8521,2
8522,4
8523,0
8524,3
8525,3
8526,3
8527,1
8528,4
8529,3
8530,1
8531,5
8532,3
8533,4
8534,1
8535,1
8536,6
8537,3
8538,3
8539,3
8540,3
8541,0
8542,2
8543,3
8544,3
8545,3
8546,3
8547,6
8548,3
8549,4
8550,0
8551,3
8552,4
8553,3
8554,5
8555,4
8556,1
8557,0
8558,0
8559,3
8560,3
8561,0
8562,3
8563,2
8564,0
8565,3
8566,3
8567,3
8568,6
8569,3
8570,5
8571,5
8572,2
8573,3
8574,3
8575,3
8576,5
8577,3
8578,3
8579,3
8580,6
8581,5
8582,3
8583,3
8584,1
8585,3
8586,3
8587,3
8588,6
8589,3
8590,3
8591,3
8592,2
8593,6
8594,3
8595,3
8596,4
8597,6
8598,3
8599,0
8600,4
8601,3
8602,5
8603,3
8604,3
8605,5
8606,3
8607,0
8608,4
8609,3
8610,3
8611,4
8612,3
8613,3
8614,3
8615,3
8616,0
8617,3
8618,3
8619,3
8620,3
8621,2
8622,3
8623,3
8624,5
8625,6
8626,6
8627,0
8628,6
8629,3
8630,3
8631,2
8632,3
8633,1
8634,1
8635,3
8636,3
8637,3
8638,6
8639,0
8640,3
8641,1
8642,3
8643,3
8644,1
8645,5
8646,3
8647,3
8648,3
8649,5
8650,3
8651,3
8652,3
8653,0
8654,3
8655,3
8656,3
8657,3
8658,3
8659,6
8660,3
8661,6
8662,3
8663,3
8664,3
8665,3
8666,3
8667,2
8668,3
8669,1
8670,0
8671,3
8672,3
8673,3
8674,4
8675,3
8676,3
8677,0
8678,3
8679,3
8680,3
8681,0
8682,4
8683,2
8684,3
8685,4
8686,2
8687,2
8688,6
8689,4
8690,3
8691,3
8692,3
8693,6
8694,5
8695,6
8696,6
8697,3
8698,0
8699,3
8700,5
8701,3
8702,3
8703,2
8704,4
8705,6
8706,6
8707,4
8708,2
8709,3
8710,3
8711,3
8712,3
8713,4
8714,3
8715,6
8716,0
8717,3
8718,3
8719,3
8720,5
8721,3
8722,6
8723,4
8724,3
8725,4
8726,0
8727,0
8728,4
8729,0
8730,3
8731,3
8732,3
8733,1
8734,3
8735,3
8736,3
8737,6
8738,3
8739,3
8740,3
8741,3
8742,6
8743,3
8744,3
8745,0
8746,0
8747,6
8748,3
8749,3
8750,3
8751,5
8752,3
8753,0
8754,3
8755,3
8756,0
8757,0
8758,4
8759,3
8760,3
8761,3
8762,3
8763,5
8764,0
8765,1
8766,6
8767,6
8768,0
8769,6
8770,1
8771,3
8772,3
8773,2
8774,3
8775,4
8776,3
8777,0
8778,6
8779,3
8780,2
8781,3
8782,1
8783,3
8784,0
8785,0
8786,3
8787,0
8788,3
8789,6
8790,3
8791,3
8792,3
8793,3
8794,3
8795,3
8796,3
8797,3
8798,3
8799,2
8800,3
8801,3
8802,6
8803,0
8804,3
8805,6
8806,5
8807,3
8808,3
8809,3
8810,0
8811,2
8812,3
8813,0
8814,3
8815,3
8816,5
8817,6
8818,3
8819,4
8820,0
8821,6
8822,1
8823,3
8824,6
8825,4
8826,3
8827,1
8828,3
8829,3
8830,1
8831,0
8832,3
8833,3
8834,3
8835,3
8836,5
8837,0
8838,5
8839,3
8840,3
8841,0
8842,0
8843,0
8844,3
8845,6
8846,6
8847,2
8848,6
8849,0
8850,2
8851,2
8852,3
8853,3
8854,6
8855,3
8856,3
8857,0
8858,4
8859,2
8860,6
8861,2
8862,3
8863,3
8864,1
8865,0
8866,3
8867,3
8868,3
8869,3
8870,3
8871,3
8872,2
8873,0
8874,3
8875,3
8876,3
8877,3
8878,3
8879,6
8880,2
8881,3
8882,6
8883,0
8884,0
8885,0
8886,0
8887,3
8888,2
8889,6
8890,3
8891,2
8892,5
8893,0
8894,1
8895,3
8896,6
8897,3
8898,3
8899,4
8900,3
8901,3
8902,3
8903,4
8904,0
8905,3
8906,3
8907,3
8908,0
8909,0
8910,1
8911,3
8912,1
8913,0
8914,3
8915,6
8916,3
8917,3
8918,2
8919,1
8920,4
8921,0
8922,3
8923,1
8924,3
8925,0
8926,0
8927,3
8928,3
8929,3
8930,6
8931,5
8932,3
8933,4
8934,3
8935,3
8936,0
8937,3
8938,3
8939,3
8940,3
8941,3
8942,6
8943,3
8944,3
8945,0
8946,0
8947,3
8948,6
8949,5
8950,5
8951,3
8952,6
8953,3
8954,6
8955,2
8956,3
8957,0
8958,3
8959,4
8960,1
8961,6
8962,4
8963,4
8964,3
8965,3
8966,2
8967,6
8968,3
8969,6
8970,2
8971,5
8972,3
8973,4
8974,3
8975,3
8976,2
8977,2
8978,3
8979,5
8980,3
8981,2
8982,2
8983,0
8984,1
8985,3
8986,3
8987,0
8988,3
8989,3
8990,3
8991,3
8992,4
8993,2
8994,3
8995,3
8996,5
8997,3
8998,6
8999,3
9000,0
9001,3
9002,6
9003,3
9004,3
9005,2
9006,3
9007,3
9008,3
9009,4
9010,4
9011,3
9012,3
9013,5
9014,2
9015,0
9016,6
9017,0
9018,3
9019,4
9020,3
9021,2
9022,3
9023,3
9024,2
9025,3
9026,3
9027,1
9028,6
9029,3
9030,3
9031,4
9032,3
9033,3
9034,5
9035,6
9036,0
9037,3
9038,6
9039,2
9040,5
9041,6
9042,3
9043,3
9044,2
9045,0
9046,3
9047,3
9048,0
9049,4
9050,6
9051,0
9052,0
9053,0
9054,0
9055,1
9056,2
9057,3
9058,3
9059,0
9060,2
9061,3
9062,2
9063,3
9064,3
9065,3
9066,0
9067,3
9068,3
9069,3
9070,3
9071,3
9072,3
9073,6
9074,2
9075,3
9076,6
9077,3
9078,3
9079,3
9080,3
9081,5
9082,3
9083,0
9084,3
9085,3
9086,1
9087,3
9088,4
9089,3
9090,3
9091,1
9092,3
9093,3
9094,3
9095,0
9096,3
9097,2
9098,2
9099,6
9100,1
9101,4
9102,6
9103,3
9104,3
9105,3
9106,5
9107,0
9108,5
9109,3
9110,3
9111,4
9112,6
9113,3
9114,3
9115,4
9116,3
9117,3
9118,2
9119,3
9120,5
9121,3
9122,2
9123,3
9124,1
9125,2
9126,3
9127,3
9128,3
9129,4
9130,6
9131,3
9132,6
9133,5
9134,3
9135,3
9136,3
9137,3
9138,3
9139,3
9140,6
9141,6
9142,3
9143,3
9144,0
9145,3
9146,3
9147,0
9148,5
9149,3
9150,4
9151,0
9152,6
9153,6
9154,2
9155,3
9156,6
9157,3
9158,3
9159,3
9160,3
9161,6
9162,3
9163,3
9164,0
9165,3
9166,3
9167,2
9168,2
9169,3
9170,3
9171,3
9172,4
9173,3
9174,0
9175,3
9176,3
9177,0
9178,3
9179,3
9180,3
9181,6
9182,3
9183,5
9184,3
9185,3
9186,4
9187,0
9188,3
9189,3
9190,0
9191,3
9192,6
9193,4
9194,3
9195,3
9196,1
9197,3
9198,3
9199,3
9200,3
9201,3
9202,2
9203,3
9204,0
9205,2
9206,3
9207,3
9208,3
9209,6
9210,4
9211,3
9212,3
9213,3
9214,6
9215,3
9216,3
9217,6
9218,3
9219,3
9220,6
9221,1
9222,3
9223,3
9224,3
9225,3
9226,2
9227,3
9228,3
9229,2
9230,3
9231,3
9232,3
9233,3
9234,3
9235,0
9236,3
9237,2
9238,3
9239,0
9240,3
9241,3
9242,3
9243,3
9244,0
9245,5
9246,6
9247,6
9248,0
9249,3
9250,3
9251,3
9252,4
9253,4
9254,0
9255,3
9256,3
9257,3
9258,3
9259,2
9260,0
9261,4
9262,5
9263,3
9264,3
9265,3
9266,3
9267,6
9268,6
9269,0
9270,0
9271,3
9272,3
9273,5
9274,2
9275,5
9276,1
9277,5
9278,3
9279,2
9280,3
9281,0
9282,3
9283,3
9284,3
9285,3
9286,6
9287,6
9288,3
9289,3
9290,2
9291,3
9292,1
9293,6
9294,6
9295,3
9296,3
9297,3
9298,6
9299,4
9300,4
9301,6
9302,3
9303,6
9304,4
9305,3
9306,0
9307,4
9308,3
9309,0
9310,4
9311,3
9312,3
9313,3
9314,2
9315,3
9316,3
9317,5
9318,2
9319,3
9320,6
9321,3
9322,3
9323,4
9324,0
9325,3
9326,3
9327,1
9328,3
9329,6
9330,0
9331,3
9332,0
9333,3
9334,6
9335,6
9336,3
9337,6
9338,2
9339,3
9340,2
9341,0
9342,0
9343,0
9344,3
9345,3
9346,3
9347,3
9348,3
9349,3
9350,0
9351,4
9352,3
9353,1
9354,0
9355,0
9356,1
9357,3
9358,2
9359,3
9360,3
9361,3
9362,2
9363,3
9364,2
9365,3
9366,0
9367,6
9368,1
9369,0
9370,3
9371,3
9372,3
9373,0
9374,2
9375,5
9376,3
9377,3
9378,4
9379,3
9380,3
9381,5
9382,3
9383,3
9384,3
9385,0
9386,3
9387,1
9388,3
9389,6
9390,2
9391,2
9392,1
9393,6
9394,0
9395,3
9396,0
9397,6
9398,5
9399,3
9400,2
9401,3
9402,0
9403,1
9404,3
9405,6
9406,6
9407,3
9408,3
9409,4
9410,2
9411,0
9412,0
9413,3
9414,3
9415,6
9416,3
9417,5
9418,3
9419,1
9420,3
9421,4
9422,3
9423,0
9424,2
9425,3
9426,3
9427,3
9428,5
9429,5
9430,3
9431,0
9432,3
9433,0
9434,3
9435,3
9436,4
9437,6
9438,3
9439,3
9440,0
9441,3
9442,3
9443,3
9444,3
9445,5
9446,6
9447,2
9448,6
9449,0
9450,3
9451,5
9452,3
9453,6
9454,1
9455,3
9456,2
9457,4
9458,3
9459,6
9460,3
9461,0
9462,0
9463,3
9464,6
9465,1
9466,0
9467,6
9468,3
9469,3
9470,3
9471,3
9472,3
9473,3
9474,1
9475,6
9476,0
9477,3
9478,1
9479,3
9480,2
9481,1
9482,4
9483,4
9484,5
9485,3
9486,3
9487,3
9488,3
9489,3
9490,5
9491,0
9492,3
9493,3
9494,4
9495,6
9496,0
9497,3
9498,6
9499,3
9500,2
9501,6
9502,3
9503,0
9504,1
9505,6
9506,4
9507,3
9508,3
9509,3
9510,2
9511,3
9512,3
9513,3
9514,3
9515,3
9516,3
9517,0
9518,0
9519,6
9520,3
9521,3
9522,0
9523,3
9524,2
9525,6
9526,5
9527,0
9528,5
9529,6
9530,3
9531,3
9532,3
9533,6
9534,2
9535,5
9536,5
9537,0
9538,6
9539,3
9540,2
9541,3
9542,0
9543,3
9544,4
9545,2
9546,3
9547,4
9548,3
9549,3
9550,3
9551,0
9552,2
9553,1
9554,3
9555,3
9556,5
9557,6
9558,0
9559,6
9560,3
9561,4
9562,2
9563,2
9564,3
9565,3
9566,3
9567,2
9568,3
9569,6
9570,1
9571,3
9572,2
9573,3
9574,0
9575,1
9576,3
9577,0
9578,6
9579,6
9580,4
9581,4
9582,3
9583,0
9584,0
9585,5
9586,3
9587,3
9588,3
9589,3
9590,3
9591,0
9592,6
9593,0
9594,4
9595,4
9596,3
9597,3
9598,1
9599,3
9600,6
9601,2
9602,6
9603,3
9604,2
9605,2
9606,3
9607,3
9608,5
9609,3
9610,3
9611,2
9612,2
9613,5
9614,6
9615,4
9616,3
9617,3
9618,6
9619,3
9620,0
9621,6
9622,1
9623,4
9624,6
9625,0
9626,3
9627,3
9628,3
9629,2
9630,0
9631,5
9632,3
9633,2
9634,3
9635,3
9636,1
9637,3
9638,4
9639,3
9640,5
9641,3
9642,6
9643,5
9644,1
9645,3
9646,3
9647,5
9648,2
9649,3
9650,0
9651,4
9652,0
9653,3
9654,6
9655,1
9656,3
9657,3
9658,2
9659,3
9660,6
9661,3
9662,0
9663,2
9664,3
9665,3
9666,0
9667,3
9668,3
9669,5
9670,3
9671,2
9672,3
9673,3
9674,3
9675,1
9676,3
9677,6
9678,3
9679,1
9680,3
9681,3
9682,3
9683,0
9684,6
9685,1
9686,6
9687,5
9688,2
9689,6
9690,6
9691,3
9692,3
9693,2
9694,4
9695,6
9696,3
9697,3
9698,5
9699,3
9700,2
9701,3
9702,1
9703,3
9704,1
9705,4
9706,6
9707,3
9708,0
9709,0
9710,5
9711,1
9712,3
9713,3
9714,4
9715,3
9716,3
9717,3
9718,3
9719,2
9720,6
9721,1
9722,6
9723,3
9724,3
9725,4
9726,3
9727,3
9728,3
9729,3
9730,3
9731,3
9732,4
9733,3
9734,6
9735,0
9736,3
9737,0
9738,3
9739,3
9740,3
9741,3
9742,0
9743,3
9744,4
9745,3
9746,3
9747,1
9748,6
9749,6
9750,3
9751,4
9752,6
9753,4
9754,4
9755,0
9756,3
9757,3
9758,3
9759,4
9760,1
9761,2
9762,3
9763,0
9764,6
9765,0
9766,0
9767,0
9768,6
9769,3
9770,3
9771,5
9772,3
9773,3
9774,0
9775,0
9776,6
9777,3
9778,3
9779,1
9780,3
9781,6
9782,3
9783,3
9784,6
9785,5
9786,3
9787,3
9788,4
9789,5
9790,5
9791,3
9792,3
9793,3
9794,3
9795,3
9796,3
9797,3
9798,1
9799,3
9800,3
9801,3
9802,0
9803,1
9804,0
9805,1
9806,0
9807,5
9808,4
9809,3
9810,3
9811,6
9812,6
9813,3
9814,3
9815,2
9816,0
9817,3
9818,3
9819,3
9820,6
9821,3
9822,3
9823,6
9824,3
9825,0
9826,3
9827,3
9828,3
9829,2
9830,3
9831,3
9832,3
9833,2
9834,3
9835,3
9836,3
9837,0
9838,3
9839,0
9840,0
9841,3
9842,0
9843,3
9844,2
9845,3
9846,3
9847,0
9848,5
9849,1
9850,3
9851,0
9852,2
9853,5
9854,3
9855,3
9856,3
9857,3
9858,3
9859,5
9860,2
9861,2
9862,0
9863,1
9864,5
9865,3
9866,2
9867,4
9868,3
9869,1
9870,6
9871,6
9872,6
9873,6
9874,4
9875,3
9876,3
9877,3
9878,3
9879,4
9880,6
9881,0
9882,6
9883,6
9884,3
9885,0
9886,4
9887,3
9888,0
9889,4
9890,5
9891,4
9892,3
9893,0
9894,4
9895,4
9896,4
9897,6
9898,6
9899,6
9900,0
9901,5
9902,0
9903,4
9904,0
9905,3
9906,3
9907,3
9908,3
9909,0
9910,6
9911,3
9912,3
9913,0
9914,3
9915,3
9916,3
9917,3
9918,3
9919,3
9920,2
9921,3
9922,6
9923,1
9924,0
9925,3
9926,3
9927,3
9928,1
9929,6
9930,3
9931,0
9932,3
9933,3
9934,3
9935,0
9936,6
9937,0
9938,3
9939,6
9940,6
9941,5
9942,3
9943,6
9944,0
9945,3
9946,4
9947,5
9948,3
9949,3
9950,5
9951,4
9952,3
9953,0
9954,3
9955,3
9956,3
9957,3
9958,4
9959,1
9960,3
9961,6
9962,3
9963,3
9964,2
9965,2
9966,2
9967,3
9968,1
9969,3
9970,3
9971,4
9972,3
9973,3
9974,4
9975,3
9976,1
9977,3
9978,3
9979,0
9980,3
9981,1
9982,5
9983,0
9984,3
9985,2
9986,5
9987,3
9988,3
9989,3
9990,6
9991,0
9992,4
9993,3
9994,1
9995,4
9996,6
9997,3
9998,3
9999,3
10000,5
10001,4
10002,3
10003,3
10004,5
10005,0
10006,6
10007,0
10008,1
10009,2
10010,5
10011,6
10012,0
10013,3
10014,4
10015,0
10016,3
10017,3
10018,1
10019,1
10020,3
10021,4
10022,3
10023,6
10024,3
10025,3
10026,0
10027,3
10028,3
10029,6
10030,4
10031,0
10032,3
10033,0
10034,3
10035,3
10036,3
10037,3
10038,3
10039,1
10040,4
10041,6
10042,3
10043,3
10044,2
10045,3
10046,1
10047,2
10048,3
10049,0
10050,3
10051,1
10052,3
10053,0
10054,0
10055,3
10056,3
10057,2
10058,5
10059,4
10060,0
10061,3
10062,3
10063,5
10064,6
10065,3
10066,6
10067,6
10068,3
10069,3
10070,3
10071,3
10072,3
10073,3
10074,3
10075,3
10076,4
10077,5
10078,3
10079,4
10080,3
10081,0
10082,6
10083,0
10084,3
10085,5
10086,6
10087,3
10088,3
10089,3
10090,0
10091,3
10092,3
10093,3
10094,3
10095,3
10096,0
10097,3
10098,3
10099,3
10100,0
10101,6
10102,3
10103,2
10104,3
10105,3
10106,1
10107,4
10108,1
10109,3
10110,0
10111,5
10112,2
10113,5
10114,3
10115,3
10116,3
10117,3
10118,6
10119,3
10120,3
10121,3
10122,2
10123,0
10124,2
10125,3
10126,3
10127,3
10128,0
10129,1
10130,6
10131,3
10132,2
10133,6
10134,3
10135,3
10136,3
10137,3
10138,5
10139,2
10140,3
10141,4
10142,1
10143,0
10144,0
10145,3
10146,3
10147,3
10148,6
10149,3
10150,0
10151,3
10152,3
10153,3
10154,2
10155,2
10156,6
10157,6
10158,3
10159,3
10160,3
10161,0
10162,3
10163,3
10164,1
10165,3
10166,5
10167,3
10168,3
10169,1
10170,3
10171,3
10172,4
10173,3
10174,2
10175,3
10176,3
10177,3
10178,4
10179,3
10180,3
10181,6
10182,3
10183,6
10184,3
10185,4
10186,0
10187,3
10188,3
10189,3
10190,6
10191,0
10192,4
10193,6
10194,3
10195,2
10196,4
10197,5
10198,4
10199,3
10200,3
10201,3
10202,3
10203,5
10204,3
10205,6
10206,6
10207,3
10208,3
10209,3
10210,3
10211,3
10212,0
10213,3
10214,3
10215,4
10216,3
10217,3
10218,3
10219,3
10220,5
10221,6
10222,3
10223,4
10224,4
10225,3
10226,3
10227,2
10228,6
10229,3
10230,5
10231,2
10232,3
10233,3
10234,4
10235,5
10236,3
10237,6
10238,5
10239,3
10240,3
10241,3
10242,3
10243,3
10244,0
10245,0
10246,3
10247,0
10248,6
10249,3
10250,3
10251,3
10252,6
10253,3
10254,3
10255,6
10256,3
10257,4
10258,3
10259,3
10260,1
10261,4
10262,0
10263,0
10264,3
10265,3
10266,4
10267,0
10268,1
10269,3
10270,2
10271,0
10272,3
10273,4
10274,3
10275,5
10276,5
10277,6
10278,3
10279,6
10280,6
10281,5
10282,3
10283,3
10284,0
10285,3
10286,6
10287,2
10288,3
10289,0
10290,4
10291,3
10292,3
10293,3
10294,6
10295,3
10296,3
10297,6
10298,3
10299,0
10300,0
10301,5
10302,5
10303,5
10304,6
10305,3
10306,3
10307,4
10308,5
10309,3
10310,5
10311,3
10312,3
10313,3
10314,3
10315,3
10316,0
10317,1
10318,3
10319,3
10320,4
10321,3
10322,3
10323,5
10324,0
10325,2
10326,3
10327,0
10328,4
10329,3
10330,3
10331,3
10332,6
10333,3
10334,1
10335,3
10336,3
10337,0
10338,0
10339,3
10340,3
10341,0
10342,3
10343,3
10344,4
10345,5
10346,2
10347,3
10348,3
10349,0
10350,3
10351,3
10352,5
10353,6
10354,3
10355,3
10356,1
10357,5
10358,3
10359,2
10360,3
10361,0
10362,3
10363,3
10364,3
10365,0
10366,3
10367,3
10368,3
10369,3
10370,3
10371,1
10372,4
10373,6
10374,3
10375,5
10376,6
10377,2
10378,0
10379,5
10380,1
10381,5
10382,3
10383,4
10384,3
10385,3
10386,3
10387,6
10388,3
10389,3
10390,5
10391,6
10392,3
10393,3
10394,3
10395,3
10396,0
10397,0
10398,3
10399,3
10400,3
10401,1
10402,3
10403,5
10404,3
10405,6
10406,3
10407,0
10408,3
10409,3
10410,6
10411,6
10412,3
10413,3
10414,3
10415,3
10416,6
10417,3
10418,3
10419,3
10420,5
10421,1
10422,3
10423,0
10424,5
10425,5
10426,1
10427,3
10428,3
10429,3
10430,3
10431,3
10432,1
10433,6
10434,0
10435,2
10436,3
10437,5
10438,3
10439,3
10440,0
10441,6
10442,0
10443,0
10444,3
10445,0
10446,3
10447,3
10448,3
10449,1
10450,3
10451,3
10452,3
10453,3
10454,2
10455,3
10456,4
10457,3
10458,3
10459,1
10460,3
10461,0
10462,6
10463,3
10464,5
10465,3
10466,2
10467,4
10468,2
10469,1
10470,0
10471,0
10472,3
10473,0
10474,3
10475,0
10476,3
10477,6
10478,0
10479,3
10480,3
10481,3
10482,3
10483,3
10484,1
10485,4
10486,6
10487,6
10488,3
10489,6
10490,3
10491,2
10492,2
10493,4
10494,6
10495,3
10496,6
10497,6
10498,6
10499,3
10500,3
10501,5
10502,3
10503,3
10504,4
10505,4
10506,6
10507,5
10508,3
10509,0
10510,3
10511,1
10512,0
10513,3
10514,3
10515,2
10516,2
10517,2
10518,3
10519,6
10520,3
10521,3
10522,1
10523,5
10524,3
10525,3
10526,4
10527,3
10528,3
10529,2
10530,3
10531,3
10532,4
10533,3
10534,3
10535,3
10536,3
10537,4
10538,4
10539,3
10540,1
10541,3
10542,3
10543,3
10544,3
10545,3
10546,2
10547,6
10548,2
10549,3
10550,4
10551,3
10552,3
10553,5
10554,3
10555,3
10556,3
10557,3
10558,3
10559,3
10560,2
10561,6
10562,6
10563,0
10564,3
10565,3
10566,6
10567,3
10568,3
10569,1
10570,6
10571,3
10572,0
10573,0
10574,3
10575,4
10576,3
10577,3
10578,5
10579,3
10580,3
10581,6
10582,3
10583,5
10584,0
10585,4
10586,3
10587,3
10588,3
10589,3
10590,0
10591,5
10592,3
10593,3
10594,3
10595,1
10596,3
10597,3
10598,0
10599,3
10600,6
10601,3
10602,1
10603,6
10604,3
10605,2
10606,4
10607,3
10608,3
10609,2
10610,6
10611,4
10612,3
10613,3
10614,2
10615,3
10616,1
10617,3
10618,3
10619,6
10620,3
10621,6
10622,3
10623,6
10624,4
10625,3
10626,0
10627,0
10628,1
10629,3
10630,3
10631,6
10632,6
10633,3
10634,0
10635,3
10636,3
10637,3
10638,3
10639,2
10640,3
10641,3
10642,3
10643,0
10644,6
10645,3
10646,4
10647,3
10648,0
10649,2
10650,3
10651,4
10652,3
10653,3
10654,3
10655,3
10656,3
10657,2
10658,3
10659,4
10660,1
10661,3
10662,6
10663,3
10664,6
10665,0
10666,3
10667,1
10668,3
10669,3
10670,2
10671,1
10672,3
10673,3
10674,3
10675,3
10676,3
10677,3
10678,6
10679,4
10680,0
10681,0
10682,3
10683,3
10684,3
10685,3
10686,3
10687,2
10688,5
10689,6
10690,3
10691,5
10692,3
10693,5
10694,3
10695,0
10696,3
10697,3
10698,3
10699,4
10700,6
10701,0
10702,3
10703,4
10704,3
10705,3
10706,1
10707,0
10708,3
10709,3
10710,3
10711,5
10712,2
10713,3
10714,2
10715,3
10716,3
10717,3
10718,6
10719,3
10720,3
10721,1
10722,5
10723,3
10724,2
10725,3
10726,3
10727,6
10728,3
10729,5
10730,5
10731,3
10732,6
10733,1
10734,6
10735,3
10736,3
10737,6
10738,5
10739,2
10740,4
10741,0
10742,4
10743,0
10744,6
10745,3
10746,6
10747,0
10748,1
10749,3
10750,6
10751,3
10752,0
10753,3
10754,3
10755,5
10756,3
10757,5
10758,3
10759,5
10760,3
10761,3
10762,3
10763,3
10764,3
10765,3
10766,1
10767,3
10768,3
10769,3
10770,0
10771,3
10772,1
10773,3
10774,3
10775,3
10776,4
10777,5
10778,3
10779,3
10780,3
10781,3
10782,2
10783,6
10784,3
10785,3
10786,0
10787,3
10788,6
10789,0
10790,6
10791,3
10792,1
10793,2
10794,4
10795,6
10796,3
10797,1
10798,3
10799,3
10800,3
10801,4
10802,1
10803,3
10804,3
10805,0
10806,3
10807,3
10808,3
10809,2
10810,1
10811,0
10812,3
10813,3
10814,3
10815,5
10816,0
10817,3
10818,3
10819,1
10820,3
10821,3
10822,3
10823,1
10824,5
10825,3
10826,0
10827,0
10828,3
10829,0
10830,5
10831,3
10832,1
10833,2
10834,4
10835,3
10836,3
10837,3
10838,3
10839,3
10840,6
10841,6
10842,3
10843,5
10844,6
10845,3
10846,0
10847,5
10848,3
10849,0
10850,1
10851,3
10852,1
10853,5
10854,3
10855,0
10856,3
10857,3
10858,3
10859,3
10860,6
10861,4
10862,3
10863,3
10864,3
10865,3
10866,4
10867,5
10868,3
