id,label_move_col
1,2
2,6
3,4
4,6
5,3
6,3
7,6
8,3
9,3
10,0
11,5
12,3
13,0
14,3
15,6
16,3
17,5
18,3
19,1
20,0
21,0
22,2
23,2
24,6
25,5
26,2
27,1
28,3
29,1
30,3
31,3
32,4
33,6
34,0
35,3
36,4
37,3
38,3
39,3
40,5
41,4
42,3
43,3
44,6
45,0
46,3
47,0
48,3
49,5
50,6
51,6
52,3
53,1
54,3
55,0
56,2
57,3
58,2
59,3
60,6
61,5
62,0
63,3
64,2
65,3
66,3
67,3
68,3
69,3
70,4
71,5
72,0
73,3
74,4
75,2
76,0
77,3
78,3
79,3
80,5
81,6
82,5
83,2
84,3
85,3
86,0
87,3
88,3
89,0
90,6
91,6
92,6
93,2
94,1
95,4
96,6
97,6
98,4
99,0
100,3
101,0
102,0
103,0
104,3
105,0
106,5
107,2
108,2
109,3
110,3
111,3
112,1
113,4
114,6
115,2
116,3
117,0
118,1
119,3
120,0
121,2
122,3
123,2
124,3
125,4
126,3
127,4
128,3
129,5
130,0
131,3
132,6
133,2
134,3
135,3
136,3
137,5
138,5
139,4
140,6
141,4
142,3
143,3
144,0
145,4
146,0
147,5
148,3
149,3
150,3
151,6
152,6
153,3
154,3
155,2
156,3
157,3
158,1
159,6
160,5
161,5
162,3
163,0
164,3
165,4
166,3
167,3
168,3
169,0
170,3
171,0
172,3
173,3
174,4
175,2
176,2
177,3
178,3
179,3
180,0
181,3
182,0
183,3
184,3
185,3
186,5
187,0
188,6
189,5
190,4
191,4
192,2
193,2
194,3
195,6
196,3
197,4
198,3
199,3
200,6
201,3
202,3
203,6
204,3
205,5
206,3
207,6
208,3
209,4
210,3
211,3
212,0
213,3
214,2
215,6
216,3
217,3
218,2
219,6
220,3
221,0
222,4
223,3
224,3
225,3
226,3
227,0
228,4
229,1
230,3
231,0
232,3
233,5
234,5
235,3
236,4
237,0
238,3
239,3
240,2
241,3
242,6
243,1
244,2
245,2
246,3
247,6
248,3
249,3
250,6
251,2
252,4
253,2
254,3
255,1
256,0
257,0
258,2
259,5
260,2
261,3
262,3
263,2
264,2
265,6
266,3
267,3
268,6
269,1
270,3
271,3
272,3
273,2
274,3
275,5
276,0
277,0
278,3
279,3
280,3
281,3
282,0
283,0
284,5
285,1
286,6
287,0
288,0
289,0
290,3
291,3
292,2
293,5
294,3
295,3
296,3
297,6
298,3
299,3
300,3
301,3
302,3
303,4
304,3
305,3
306,3
307,3
308,6
309,3
310,4
311,6
312,0
313,3
314,3
315,3
316,5
317,5
318,3
319,5
320,3
321,1
322,2
323,0
324,3
325,3
326,3
327,5
328,3
329,3
330,0
331,3
332,3
333,3
334,3
335,6
336,4
337,4
338,0
339,2
340,4
341,5
342,3
343,3
344,3
345,3
346,4
347,3
348,3
349,5
350,0
351,5
352,4
353,0
354,5
355,3
356,4
357,6
358,3
359,0
360,3
361,0
362,3
363,3
364,3
365,6
366,3
367,2
368,3
369,3
370,3
371,3
372,5
373,0
374,1
375,3
376,0
377,3
378,3
379,6
380,6
381,2
382,6
383,3
384,3
385,1
386,3
387,0
388,3
389,6
390,4
391,1
392,3
393,3
394,3
395,3
396,3
397,3
398,4
399,3
400,3
401,3
402,5
403,0
404,3
405,3
406,3
407,3
408,0
409,4
410,4
411,6
412,3
413,3
414,3
415,4
416,3
417,4
418,2
419,6
420,3
421,3
422,3
423,3
424,2
425,2
426,5
427,3
428,1
429,6
430,3
431,1
432,3
433,3
434,3
435,3
436,0
437,3
438,3
439,0
440,4
441,0
442,3
443,3
444,5
445,1
446,5
447,4
448,6
449,3
450,1
451,3
452,2
453,6
454,3
455,2
456,6
457,3
458,2
459,3
460,5
461,3
462,5
463,6
464,3
465,3
466,5
467,0
468,6
469,3
470,5
471,3
472,3
473,3
474,6
475,2
476,6
477,0
478,3
479,4
480,3
481,3
482,4
483,5
484,6
485,3
486,0
487,2
488,2
489,2
490,3
491,3
492,2
493,3
494,6
495,3
496,6
497,3
498,3
499,2
500,2
501,3
502,3
503,6
504,0
505,6
506,4
507,3
508,6
509,3
510,2
511,3
512,0
513,6
514,3
515,4
516,0
517,1
518,0
519,1
520,3
521,3
522,3
523,1
524,0
525,0
526,6
527,3
528,4
529,1
530,3
531,3
532,0
533,3
534,2
535,3
536,3
537,3
538,5
539,4
540,6
541,5
542,1
543,3
544,3
545,3
546,3
547,6
548,1
549,6
550,4
551,6
552,2
553,0
554,3
555,5
556,1
557,0
558,2
559,5
560,5
561,6
562,0
563,2
564,3
565,3
566,6
567,0
568,2
569,3
570,0
571,0
572,3
573,3
574,3
575,3
576,6
577,3
578,3
579,6
580,1
581,3
582,6
583,2
584,3
585,3
586,2
587,2
588,2
589,3
590,3
591,3
592,6
593,3
594,3
595,3
596,3
597,3
598,3
599,3
600,3
601,4
602,3
603,3
604,6
605,1
606,3
607,6
608,3
609,5
610,3
611,4
612,3
613,3
614,4
615,6
616,3
617,3
618,3
619,5
620,4
621,3
622,0
623,4
624,2
625,3
626,3
627,6
628,1
629,3
630,2
631,3
632,3
633,4
634,4
635,4
636,2
637,6
638,3
639,3
640,4
641,2
642,6
643,3
644,3
645,1
646,5
647,3
648,3
649,3
650,3
651,2
652,5
653,6
654,6
655,5
656,3
657,6
658,4
659,4
660,0
661,2
662,3
663,3
664,3
665,3
666,0
667,3
668,3
669,3
670,4
671,2
672,3
673,6
674,3
675,6
676,3
677,3
678,3
679,5
680,1
681,1
682,0
683,3
684,3
685,3
686,4
687,5
688,3
689,4
690,3
691,3
692,3
693,4
694,6
695,0
696,1
697,1
698,3
699,3
700,3
701,2
702,2
703,0
704,5
705,3
706,3
707,5
708,3
709,0
710,3
711,2
712,1
713,5
714,6
715,2
716,2
717,2
718,0
719,0
720,4
721,3
722,3
723,0
724,4
725,0
726,3
727,5
728,3
729,0
730,3
731,3
732,3
733,3
734,3
735,3
736,3
737,3
738,5
739,5
740,4
741,4
742,3
743,3
744,3
745,3
746,3
747,0
748,0
749,5
750,2
751,2
752,3
753,2
754,3
755,3
756,5
757,5
758,0
759,3
760,1
761,4
762,1
763,3
764,4
765,5
766,6
767,2
768,2
769,0
770,4
771,6
772,5
773,2
774,3
775,3
776,6
777,3
778,3
779,3
780,3
781,3
782,1
783,6
784,3
785,0
786,6
787,6
788,3
789,3
790,3
791,4
792,0
793,0
794,5
795,0
796,3
797,2
798,6
799,4
800,3
801,3
802,3
803,3
804,1
805,6
806,2
807,3
808,1
809,2
810,3
811,3
812,5
813,2
814,2
815,2
816,3
817,3
818,0
819,6
820,3
821,6
822,3
823,0
824,3
825,4
826,3
827,6
828,4
829,2
830,0
831,3
832,4
833,1
834,6
835,1
836,3
837,0
838,1
839,3
840,2
841,6
842,4
843,0
844,2
845,3
846,0
847,3
848,3
849,3
850,3
851,0
852,3
853,3
854,0
855,0
856,5
857,6
858,3
859,6
860,2
861,3
862,5
863,4
864,3
865,3
866,3
867,4
868,2
869,3
870,1
871,1
872,3
873,3
874,4
875,6
876,1
877,3
878,3
879,3
880,1
881,3
882,3
883,1
884,3
885,5
886,2
887,3
888,1
889,3
890,3
891,0
892,4
893,0
894,4
895,3
896,3
897,3
898,3
899,3
900,3
901,4
902,3
903,2
904,4
905,0
906,4
907,3
908,5
909,3
910,5
911,4
912,6
913,6
914,0
915,2
916,1
917,2
918,3
919,4
920,3
921,3
922,3
923,3
924,3
925,3
926,3
927,3
928,6
929,0
930,2
931,6
932,0
933,6
934,3
935,4
936,3
937,3
938,3
939,2
940,6
941,3
942,6
943,3
944,5
945,1
946,6
947,5
948,4
949,1
950,0
951,1
952,3
953,3
954,3
955,3
956,0
957,5
958,4
959,3
960,6
961,1
962,3
963,5
964,0
965,3
966,1
967,6
968,3
969,4
970,0
971,1
972,6
973,2
974,3
975,3
976,6
977,2
978,3
979,4
980,2
981,3
982,3
983,2
984,3
985,2
986,3
987,6
988,6
989,3
990,3
991,3
992,6
993,6
994,6
995,3
996,3
997,3
998,3
999,0
1000,0
1001,3
1002,6
1003,3
1004,3
1005,2
1006,2
1007,3
1008,1
1009,2
1010,2
1011,2
1012,4
1013,3
1014,6
1015,0
1016,6
1017,3
1018,1
1019,3
1020,3
1021,1
1022,3
1023,2
1024,3
1025,0
1026,3
1027,6
1028,2
1029,0
1030,6
1031,3
1032,0
1033,3
1034,6
1035,3
1036,6
1037,3
1038,3
1039,3
1040,4
1041,3
1042,3
1043,3
1044,3
1045,1
1046,5
1047,3
1048,0
1049,3
1050,6
1051,3
1052,3
1053,1
1054,6
1055,2
1056,3
1057,3
1058,3
1059,0
1060,5
1061,3
1062,6
1063,2
1064,5
1065,3
1066,5
1067,3
1068,2
1069,3
1070,3
1071,3
1072,3
1073,1
1074,3
1075,3
1076,3
1077,3
1078,3
1079,3
1080,6
1081,3
1082,3
1083,6
1084,3
1085,3
1086,3
1087,6
1088,3
1089,1
1090,5
1091,3
1092,3
1093,3
1094,4
1095,4
1096,2
1097,3
1098,0
1099,3
1100,5
1101,2
1102,6
1103,3
1104,0
1105,1
1106,6
1107,6
1108,6
1109,2
1110,1
1111,3
1112,3
1113,3
1114,4
1115,5
1116,3
1117,3
1118,3
1119,3
1120,4
1121,3
1122,3
1123,6
1124,6
1125,1
1126,3
1127,3
1128,4
1129,2
1130,3
1131,3
1132,2
1133,3
1134,4
1135,3
1136,5
1137,3
1138,3
1139,2
1140,1
1141,3
1142,3
1143,3
1144,3
1145,4
1146,3
1147,3
1148,3
1149,2
1150,3
1151,4
1152,0
1153,6
1154,5
1155,6
1156,6
1157,0
1158,3
1159,3
1160,3
1161,0
1162,4
1163,0
1164,0
1165,1
1166,3
1167,3
1168,3
1169,2
1170,3
1171,4
1172,3
1173,3
1174,3
1175,3
1176,3
1177,6
1178,3
1179,2
1180,0
1181,0
1182,3
1183,3
1184,3
1185,3
1186,6
1187,0
1188,3
1189,0
1190,2
1191,6
1192,3
1193,1
1194,5
1195,3
1196,6
1197,0
1198,3
1199,6
1200,6
1201,3
1202,5
1203,3
1204,1
1205,6
1206,0
1207,6
1208,3
1209,0
1210,4
1211,4
1212,3
1213,4
1214,3
1215,2
1216,1
1217,3
1218,6
1219,6
1220,2
1221,3
1222,5
1223,3
1224,4
1225,3
1226,1
1227,6
1228,3
1229,2
1230,2
1231,4
1232,1
1233,2
1234,3
1235,5
1236,0
1237,1
1238,6
1239,4
1240,6
1241,3
1242,3
1243,3
1244,5
1245,0
1246,1
1247,3
1248,3
1249,3
1250,4
1251,3
1252,6
1253,5
1254,3
1255,6
1256,3
1257,2
1258,2
1259,3
1260,2
1261,3
1262,0
1263,1
1264,0
1265,0
1266,0
1267,3
1268,4
1269,3
1270,3
1271,0
1272,5
1273,2
1274,3
1275,4
1276,1
1277,1
1278,3
1279,0
1280,4
1281,2
1282,3
1283,3
1284,0
1285,3
1286,6
1287,6
1288,0
1289,6
1290,6
1291,5
1292,1
1293,3
1294,3
1295,4
1296,2
1297,3
1298,0
1299,4
1300,5
1301,0
1302,3
1303,6
1304,3
1305,1
1306,0
1307,4
1308,3
1309,0
1310,3
1311,3
1312,0
1313,0
1314,3
1315,3
1316,3
1317,6
1318,5
1319,0
1320,0
1321,1
1322,3
1323,5
1324,3
1325,0
1326,6
1327,4
1328,6
1329,6
1330,3
1331,6
1332,6
1333,6
1334,4
1335,1
1336,3
1337,2
1338,1
1339,2
1340,1
1341,3
1342,2
1343,3
1344,1
1345,6
1346,3
1347,3
1348,3
1349,3
1350,3
1351,3
1352,3
1353,4
1354,6
1355,2
1356,3
1357,0
1358,3
1359,3
1360,3
1361,3
1362,3
1363,6
1364,4
1365,3
1366,6
1367,5
1368,3
1369,0
1370,0
1371,3
1372,4
1373,3
1374,4
1375,3
1376,5
1377,3
1378,3
1379,3
1380,4
1381,0
1382,4
1383,5
1384,0
1385,0
1386,3
1387,3
1388,3
1389,6
1390,3
1391,0
1392,3
1393,2
1394,3
1395,3
1396,5
1397,3
1398,3
1399,4
1400,3
1401,3
1402,6
1403,3
1404,3
1405,4
1406,4
1407,5
1408,6
1409,3
1410,6
1411,3
1412,1
1413,3
1414,3
1415,5
1416,4
1417,1
1418,5
1419,0
1420,3
1421,1
1422,6
1423,6
1424,6
1425,3
1426,3
1427,3
1428,4
1429,6
1430,4
1431,4
1432,3
1433,3
1434,0
1435,3
1436,0
1437,3
1438,6
1439,4
1440,6
1441,1
1442,1
1443,0
1444,2
1445,1
1446,2
1447,3
1448,3
1449,4
1450,3
1451,3
1452,3
1453,2
1454,5
1455,3
1456,4
1457,3
1458,3
1459,0
1460,6
1461,6
1462,5
1463,3
1464,3
1465,3
1466,3
1467,4
1468,4
1469,3
1470,0
1471,3
1472,3
1473,6
1474,2
1475,0
1476,2
1477,5
1478,3
1479,3
1480,3
1481,3
1482,0
1483,5
1484,3
1485,3
1486,0
1487,2
1488,4
1489,0
1490,0
1491,3
1492,5
1493,3
1494,6
1495,3
1496,4
1497,2
1498,0
1499,3
1500,6
1501,3
1502,1
1503,6
1504,3
1505,3
1506,5
1507,1
1508,2
1509,6
1510,5
1511,2
1512,2
1513,3
1514,0
1515,0
1516,0
1517,3
1518,4
1519,3
1520,0
1521,3
1522,3
1523,3
1524,3
1525,6
1526,1
1527,3
1528,0
1529,3
1530,3
1531,3
1532,3
1533,6
1534,4
1535,1
1536,4
1537,3
1538,2
1539,2
1540,4
1541,3
1542,3
1543,3
1544,1
1545,0
1546,0
1547,5
1548,0
1549,6
1550,3
1551,4
1552,3
1553,6
1554,1
1555,4
1556,4
1557,3
1558,1
1559,3
1560,6
1561,5
1562,2
1563,6
1564,3
1565,3
1566,5
1567,3
1568,3
1569,3
1570,1
1571,3
1572,3
1573,6
1574,6
1575,3
1576,3
1577,2
1578,3
1579,0
1580,3
1581,6
1582,0
1583,3
1584,6
1585,3
1586,3
1587,6
1588,3
1589,2
1590,2
1591,0
1592,3
1593,3
1594,2
1595,3
1596,0
1597,3
1598,3
1599,4
1600,3
1601,2
1602,3
1603,6
1604,3
1605,3
1606,1
1607,6
1608,0
1609,3
1610,3
1611,3
1612,6
1613,6
1614,0
1615,3
1616,1
1617,4
1618,6
1619,3
1620,0
1621,5
1622,2
1623,3
1624,3
1625,0
1626,3
1627,3
1628,3
1629,3
1630,0
1631,3
1632,3
1633,6
1634,3
1635,4
1636,0
1637,0
1638,3
1639,4
1640,3
1641,3
1642,3
1643,5
1644,3
1645,3
1646,1
1647,3
1648,3
1649,3
1650,5
1651,3
1652,3
1653,4
1654,6
1655,0
1656,0
1657,0
1658,3
1659,3
1660,0
1661,5
1662,3
1663,6
1664,3
1665,2
1666,3
1667,3
1668,3
1669,4
1670,6
1671,3
1672,6
1673,2
1674,3
1675,3
1676,5
1677,3
1678,0
1679,6
1680,3
1681,5
1682,0
1683,4
1684,3
1685,0
1686,0
1687,4
1688,6
1689,5
1690,3
1691,3
1692,3
1693,6
1694,5
1695,2
1696,4
1697,5
1698,2
1699,0
1700,6
1701,2
1702,2
1703,3
1704,0
1705,1
1706,0
1707,0
1708,3
1709,0
1710,1
1711,6
1712,1
1713,4
1714,3
1715,3
1716,3
1717,0
1718,0
1719,3
1720,5
1721,0
1722,4
1723,3
1724,5
1725,0
1726,3
1727,0
1728,3
1729,2
1730,3
1731,0
1732,0
1733,4
1734,3
1735,3
1736,0
1737,3
1738,0
1739,2
1740,4
1741,3
1742,3
1743,3
1744,4
1745,2
1746,4
1747,2
1748,5
1749,5
1750,3
1751,0
1752,3
1753,6
1754,3
1755,3
1756,0
1757,4
1758,3
1759,3
1760,0
1761,3
1762,4
1763,2
1764,5
1765,3
1766,2
1767,0
1768,3
1769,3
1770,2
1771,3
1772,3
1773,2
1774,3
1775,2
1776,3
1777,3
1778,4
1779,4
1780,3
1781,5
1782,6
1783,1
1784,1
1785,1
1786,3
1787,2
1788,3
1789,6
1790,3
1791,4
1792,2
1793,3
1794,3
1795,5
1796,3
1797,1
1798,1
1799,2
1800,3
1801,6
1802,3
1803,3
1804,3
1805,2
1806,1
1807,1
1808,1
1809,2
1810,6
1811,1
1812,3
1813,3
1814,0
1815,5
1816,3
1817,3
1818,3
1819,1
1820,2
1821,3
1822,2
1823,3
1824,5
1825,5
1826,3
1827,4
1828,6
1829,4
1830,5
1831,4
1832,6
1833,4
1834,6
1835,3
1836,0
1837,1
1838,6
1839,3
1840,2
1841,3
1842,3
1843,1
1844,6
1845,3
1846,0
1847,3
1848,6
1849,5
1850,3
1851,6
1852,3
1853,3
1854,4
1855,3
1856,3
1857,2
1858,3
1859,3
1860,3
1861,3
1862,0
1863,2
1864,3
1865,4
1866,6
1867,5
1868,6
1869,0
1870,0
1871,3
1872,2
1873,4
1874,0
1875,3
1876,5
1877,4
1878,0
1879,6
1880,2
1881,3
1882,3
1883,4
1884,3
1885,3
1886,1
1887,2
1888,0
1889,3
1890,2
1891,5
1892,4
1893,0
1894,0
1895,1
1896,2
1897,0
1898,1
1899,3
1900,3
1901,6
1902,1
1903,5
1904,3
1905,4
1906,3
1907,6
1908,1
1909,3
1910,5
1911,5
1912,3
1913,0
1914,2
1915,2
1916,1
1917,1
1918,3
1919,6
1920,0
1921,3
1922,2
1923,1
1924,4
1925,3
1926,1
1927,5
1928,0
1929,4
1930,3
1931,3
1932,3
1933,0
1934,3
1935,0
1936,3
1937,4
1938,6
1939,4
1940,3
1941,3
1942,3
1943,3
1944,5
1945,3
1946,6
1947,4
1948,3
1949,3
1950,3
1951,0
1952,1
1953,3
1954,3
1955,3
1956,0
1957,3
1958,6
1959,1
1960,3
1961,5
1962,6
1963,6
1964,2
1965,2
1966,3
1967,3
1968,3
1969,3
1970,4
1971,6
1972,4
1973,0
1974,1
1975,3
1976,3
1977,4
1978,3
1979,3
1980,3
1981,3
1982,1
1983,1
1984,3
1985,4
1986,1
1987,3
1988,3
1989,5
1990,3
1991,3
1992,3
1993,6
1994,3
1995,3
1996,1
1997,4
1998,3
1999,6
2000,5
2001,0
2002,1
2003,5
2004,0
2005,0
2006,3
2007,0
2008,3
2009,3
2010,3
2011,3
2012,3
2013,3
2014,6
2015,3
2016,0
2017,3
2018,6
2019,6
2020,1
2021,4
2022,1
2023,6
2024,0
2025,3
2026,3
2027,1
2028,6
2029,3
2030,1
2031,3
2032,6
2033,6
2034,2
2035,3
2036,3
2037,2
2038,3
2039,3
2040,3
2041,2
2042,3
2043,5
2044,3
2045,0
2046,2
2047,0
2048,4
2049,4
2050,3
2051,6
2052,0
2053,3
2054,3
2055,4
2056,0
2057,5
2058,4
2059,2
2060,6
2061,3
2062,6
2063,3
2064,3
2065,6
2066,6
2067,3
2068,3
2069,0
2070,3
2071,6
2072,3
2073,3
2074,5
2075,0
2076,3
2077,0
2078,3
2079,3
2080,3
2081,0
2082,6
2083,3
2084,1
2085,3
2086,3
2087,6
2088,2
2089,2
2090,5
2091,3
2092,3
2093,3
2094,3
2095,3
2096,2
2097,3
2098,1
2099,2
2100,3
2101,4
2102,3
2103,2
2104,2
2105,0
2106,6
2107,0
2108,2
2109,3
2110,4
2111,3
2112,3
2113,0
2114,3
2115,1
2116,1
2117,6
2118,2
2119,3
2120,3
2121,3
2122,3
2123,3
2124,3
2125,2
2126,3
2127,3
2128,3
2129,3
2130,6
2131,2
2132,2
2133,3
2134,4
2135,3
2136,3
2137,6
2138,1
2139,3
2140,3
2141,2
2142,3
2143,5
2144,6
2145,3
2146,6
2147,3
2148,0
2149,0
2150,3
2151,5
2152,5
2153,0
2154,3
2155,6
2156,0
2157,3
2158,3
2159,3
2160,3
2161,1
2162,3
2163,3
2164,5
2165,2
2166,3
2167,3
2168,3
2169,2
2170,3
2171,4
2172,0
2173,3
2174,1
2175,3
2176,3
2177,1
2178,3
2179,3
2180,5
2181,3
2182,0
2183,6
2184,1
2185,5
2186,4
2187,3
2188,6
2189,3
2190,4
2191,1
2192,3
2193,6
2194,5
2195,1
2196,3
2197,3
2198,3
2199,5
2200,3
2201,0
2202,5
2203,3
2204,3
2205,3
2206,3
2207,0
2208,6
2209,3
2210,3
2211,1
2212,6
2213,0
2214,3
2215,3
2216,4
2217,3
2218,3
2219,3
2220,3
2221,3
2222,0
2223,3
2224,1
2225,3
2226,0
2227,6
2228,1
2229,0
2230,4
2231,3
2232,0
2233,3
2234,1
2235,2
2236,5
2237,5
2238,0
2239,3
2240,3
2241,3
2242,4
2243,3
2244,3
2245,5
2246,3
2247,2
2248,0
2249,3
2250,0
2251,3
2252,0
2253,3
2254,0
2255,4
2256,3
2257,3
2258,0
2259,0
2260,5
2261,0
2262,6
2263,4
2264,5
2265,1
2266,3
2267,0
2268,3
2269,3
2270,6
2271,2
2272,3
2273,6
2274,2
2275,3
2276,6
2277,3
2278,3
2279,4
2280,3
2281,5
2282,0
2283,3
2284,4
2285,0
2286,3
2287,3
2288,3
2289,3
2290,6
2291,3
2292,3
2293,1
2294,3
2295,5
2296,3
2297,3
2298,3
2299,3
2300,6
2301,3
2302,3
2303,3
2304,0
2305,3
2306,3
2307,2
2308,0
2309,3
2310,3
2311,3
2312,3
2313,6
2314,2
2315,3
2316,0
2317,4
2318,3
2319,6
2320,3
2321,1
2322,1
2323,3
2324,5
2325,2
2326,6
2327,2
2328,3
2329,2
2330,0
2331,5
2332,1
2333,3
2334,3
2335,3
2336,0
2337,3
2338,2
2339,6
2340,3
2341,3
2342,1
2343,2
2344,4
2345,4
2346,1
2347,2
2348,3
2349,3
2350,6
2351,3
2352,2
2353,3
2354,3
2355,3
2356,0
2357,4
2358,5
2359,3
2360,3
2361,3
2362,3
2363,0
2364,0
2365,1
2366,3
2367,3
2368,0
2369,3
2370,3
2371,5
2372,3
2373,3
2374,6
2375,3
2376,6
2377,3
2378,3
2379,1
2380,4
2381,3
2382,3
2383,3
2384,3
2385,3
2386,0
2387,3
2388,3
2389,3
2390,3
2391,5
2392,6
2393,3
2394,2
2395,3
2396,4
2397,0
2398,4
2399,3
2400,2
2401,3
2402,4
2403,3
2404,3
2405,3
2406,5
2407,5
2408,6
2409,1
2410,3
2411,3
2412,6
2413,3
2414,3
2415,6
2416,3
2417,5
2418,6
2419,3
2420,3
2421,0
2422,3
2423,3
2424,6
2425,5
2426,0
2427,3
2428,3
2429,3
2430,0
2431,5
2432,3
2433,1
2434,3
2435,0
2436,1
2437,6
2438,6
2439,3
2440,3
2441,3
2442,3
2443,1
2444,2
2445,3
2446,2
2447,0
2448,3
2449,3
2450,3
2451,4
2452,3
2453,1
2454,5
2455,4
2456,0
2457,3
2458,3
2459,3
2460,6
2461,2
2462,2
2463,4
2464,1
2465,3
2466,1
2467,6
2468,3
2469,3
2470,6
2471,0
2472,1
2473,3
2474,3
2475,2
2476,5
2477,2
2478,3
2479,4
2480,0
2481,5
2482,6
2483,0
2484,6
2485,3
2486,2
2487,0
2488,4
2489,6
2490,6
2491,4
2492,3
2493,6
2494,3
2495,0
2496,1
2497,2
2498,5
2499,2
2500,3
2501,3
2502,3
2503,3
2504,3
2505,3
2506,0
2507,6
2508,6
2509,6
2510,0
2511,3
2512,3
2513,3
2514,5
2515,3
2516,3
2517,3
2518,4
2519,3
2520,4
2521,1
2522,3
2523,3
2524,3
2525,4
2526,3
2527,3
2528,6
2529,2
2530,3
2531,2
2532,3
2533,3
2534,3
2535,4
2536,3
2537,5
2538,5
2539,2
2540,3
2541,3
2542,2
2543,0
2544,2
2545,2
2546,4
2547,3
2548,6
2549,4
2550,6
2551,0
2552,3
2553,0
2554,3
2555,4
2556,3
2557,3
2558,2
2559,5
2560,3
2561,3
2562,4
2563,0
2564,3
2565,3
2566,3
2567,0
2568,3
2569,3
2570,2
2571,3
2572,1
2573,2
2574,0
2575,6
2576,2
2577,3
2578,5
2579,3
2580,6
2581,3
2582,3
2583,5
2584,6
2585,6
2586,3
2587,3
2588,5
2589,3
2590,6
2591,3
2592,3
2593,3
2594,3
2595,0
2596,3
2597,3
2598,3
2599,3
2600,6
2601,3
2602,3
2603,3
2604,3
2605,0
2606,5
2607,2
2608,3
2609,0
2610,4
2611,1
2612,3
2613,3
2614,2
2615,3
2616,3
2617,6
2618,6
2619,3
2620,6
2621,5
2622,0
2623,3
2624,3
2625,5
2626,3
2627,4
2628,4
2629,3
2630,3
2631,6
2632,0
2633,5
2634,3
2635,6
2636,4
2637,3
2638,3
2639,0
2640,4
2641,0
2642,0
2643,4
2644,3
2645,6
2646,0
2647,6
2648,1
2649,3
2650,3
2651,5
2652,6
2653,3
2654,3
2655,6
2656,5
2657,0
2658,1
2659,3
2660,3
2661,6
2662,3
2663,3
2664,3
2665,3
2666,3
2667,3
2668,3
2669,5
2670,3
2671,6
2672,5
2673,3
2674,0
2675,5
2676,3
2677,6
2678,6
2679,1
2680,0
2681,6
2682,3
2683,0
2684,3
2685,3
2686,0
2687,6
2688,2
2689,2
2690,3
2691,1
2692,3
2693,4
2694,6
2695,0
2696,0
2697,0
2698,0
2699,0
2700,3
2701,3
2702,5
2703,2
2704,3
2705,5
2706,3
2707,0
2708,0
2709,5
2710,4
2711,0
2712,6
2713,3
2714,3
2715,3
2716,5
2717,3
2718,6
2719,3
2720,3
2721,5
2722,4
2723,6
2724,3
2725,3
2726,3
2727,1
2728,0
2729,6
2730,2
2731,3
2732,3
2733,5
2734,1
2735,3
2736,3
2737,3
2738,6
2739,3
2740,4
2741,4
2742,5
2743,3
2744,3
2745,1
2746,6
2747,0
2748,0
2749,0
2750,3
2751,3
2752,0
2753,5
2754,6
2755,3
2756,6
2757,5
2758,3
2759,4
2760,2
2761,6
2762,6
2763,3
2764,5
2765,6
2766,3
2767,6
2768,5
2769,3
2770,0
2771,6
2772,5
2773,5
2774,3
2775,0
2776,3
2777,0
2778,0
2779,6
2780,6
2781,2
2782,1
2783,0
2784,6
2785,6
2786,0
2787,4
2788,3
2789,3
2790,3
2791,3
2792,3
2793,3
2794,3
2795,0
2796,6
2797,6
2798,5
2799,3
2800,3
2801,2
2802,3
2803,5
2804,3
2805,0
2806,0
2807,5
2808,0
2809,3
2810,3
2811,3
2812,3
2813,3
2814,2
2815,6
2816,2
2817,1
2818,4
2819,3
2820,3
2821,3
2822,5
2823,3
2824,3
2825,4
2826,2
2827,4
2828,5
2829,3
2830,6
2831,3
2832,0
2833,3
2834,3
2835,3
2836,3
2837,3
2838,3
2839,6
2840,4
2841,0
2842,2
2843,3
2844,3
2845,4
2846,5
2847,0
2848,3
2849,2
2850,4
2851,6
2852,5
2853,2
2854,0
2855,3
2856,3
2857,0
2858,5
2859,1
2860,0
2861,3
2862,0
2863,3
2864,5
2865,3
2866,6
2867,6
2868,6
2869,4
2870,3
2871,3
2872,1
2873,0
2874,0
2875,3
2876,5
2877,6
2878,3
2879,3
2880,3
2881,1
2882,3
2883,6
2884,4
2885,3
2886,3
2887,6
2888,4
2889,1
2890,5
2891,3
2892,3
2893,3
2894,3
2895,0
2896,3
2897,0
2898,6
2899,1
2900,2
2901,6
2902,3
2903,3
2904,3
2905,2
2906,6
2907,4
2908,3
2909,0
2910,3
2911,5
2912,2
2913,2
2914,3
2915,3
2916,3
2917,3
2918,6
2919,3
2920,2
2921,0
2922,3
2923,3
2924,1
2925,0
2926,0
2927,3
2928,4
2929,1
2930,5
2931,2
2932,3
2933,3
2934,3
2935,0
2936,6
2937,0
2938,3
2939,3
2940,0
2941,6
2942,3
2943,3
2944,0
2945,3
2946,1
2947,2
2948,3
2949,3
2950,3
2951,6
2952,3
2953,3
2954,6
2955,0
2956,6
2957,3
2958,2
2959,6
2960,6
2961,2
2962,4
2963,3
2964,3
2965,0
2966,3
2967,3
2968,3
2969,3
2970,0
2971,2
2972,4
2973,6
2974,6
2975,4
2976,3
2977,5
2978,2
2979,3
2980,1
2981,6
2982,6
2983,3
2984,6
2985,3
2986,4
2987,5
2988,0
2989,3
2990,3
2991,1
2992,4
2993,3
2994,0
2995,3
2996,0
2997,0
2998,3
2999,3
3000,0
3001,5
3002,3
3003,6
3004,3
3005,3
3006,3
3007,4
3008,3
3009,1
3010,4
3011,4
3012,6
3013,3
3014,3
3015,0
3016,0
3017,3
3018,1
3019,3
3020,2
3021,0
3022,3
3023,3
3024,1
3025,2
3026,1
3027,2
3028,0
3029,1
3030,0
3031,3
3032,3
3033,4
3034,3
3035,5
3036,3
3037,3
3038,3
3039,4
3040,3
3041,5
3042,6
3043,0
3044,5
3045,6
3046,0
3047,3
3048,0
3049,3
3050,3
3051,3
3052,3
3053,3
3054,3
3055,6
3056,3
3057,3
3058,3
3059,5
3060,3
3061,6
3062,0
3063,6
3064,3
3065,3
3066,3
3067,3
3068,0
3069,5
3070,3
3071,0
3072,6
3073,3
3074,0
3075,1
3076,2
3077,2
3078,6
3079,6
3080,0
3081,6
3082,3
3083,3
3084,6
3085,4
3086,0
3087,4
3088,0
3089,6
3090,3
3091,0
3092,3
3093,4
3094,3
3095,2
3096,2
3097,4
3098,3
3099,2
3100,5
3101,4
3102,0
3103,3
3104,1
3105,3
3106,3
3107,2
3108,3
3109,3
3110,0
3111,3
3112,3
3113,4
3114,4
3115,3
3116,4
3117,3
3118,3
3119,1
3120,1
3121,3
3122,3
3123,3
3124,5
3125,3
3126,3
3127,1
3128,4
3129,6
3130,3
3131,3
3132,4
3133,4
3134,3
3135,6
3136,2
3137,1
3138,1
3139,3
3140,5
3141,3
3142,6
3143,3
3144,3
3145,5
3146,6
3147,3
3148,3
3149,4
3150,2
3151,5
3152,6
3153,4
3154,3
3155,3
3156,5
3157,5
3158,3
3159,0
3160,1
3161,3
3162,3
3163,6
3164,2
3165,1
3166,3
3167,1
3168,5
3169,4
3170,4
3171,2
3172,2
3173,1
3174,2
3175,3
3176,5
3177,6
3178,3
3179,3
3180,3
3181,3
3182,6
3183,1
3184,3
3185,2
3186,3
3187,3
3188,3
3189,6
3190,3
3191,3
3192,5
3193,4
3194,6
3195,0
3196,0
3197,3
3198,4
3199,6
3200,3
3201,0
3202,4
3203,2
3204,4
3205,0
3206,0
3207,4
3208,3
3209,3
3210,3
3211,5
3212,3
3213,3
3214,3
3215,3
3216,3
3217,3
3218,4
3219,2
3220,0
3221,3
3222,2
3223,2
3224,0
3225,6
3226,0
3227,4
3228,1
3229,5
3230,6
3231,3
3232,3
3233,3
3234,3
3235,4
3236,3
3237,3
3238,0
3239,4
3240,3
3241,3
3242,3
3243,4
3244,3
3245,6
3246,3
3247,4
3248,3
3249,0
3250,1
3251,2
3252,3
3253,3
3254,0
3255,3
3256,4
3257,0
3258,6
3259,3
3260,5
3261,3
3262,4
3263,3
3264,4
3265,3
3266,3
3267,0
3268,3
3269,3
3270,0
3271,5
3272,3
3273,4
3274,3
3275,2
3276,0
3277,4
3278,0
3279,0
3280,3
3281,3
3282,3
3283,0
3284,3
3285,2
3286,5
3287,3
3288,6
3289,6
3290,3
3291,3
3292,0
3293,3
3294,6
3295,3
3296,3
3297,1
3298,3
3299,6
3300,2
3301,5
3302,0
3303,3
3304,3
3305,5
3306,3
3307,6
3308,3
3309,4
3310,3
3311,2
3312,3
3313,2
3314,6
3315,2
3316,1
3317,5
3318,2
3319,6
3320,6
3321,1
3322,3
3323,0
3324,3
3325,6
3326,6
3327,1
3328,4
3329,0
3330,0
3331,3
3332,3
3333,3
3334,1
3335,4
3336,3
3337,3
3338,3
3339,2
3340,3
3341,4
3342,6
3343,3
3344,3
3345,0
3346,6
3347,1
3348,4
3349,2
3350,3
3351,3
3352,6
3353,4
3354,4
3355,3
3356,1
3357,6
3358,3
3359,5
3360,4
3361,4
3362,0
3363,1
3364,3
3365,2
3366,3
3367,3
3368,3
3369,6
3370,2
3371,5
3372,3
3373,6
3374,6
3375,1
3376,3
3377,5
3378,4
3379,3
3380,6
3381,0
3382,3
3383,4
3384,6
3385,3
3386,0
3387,6
3388,1
3389,1
3390,3
3391,3
3392,6
3393,3
3394,0
3395,6
3396,3
3397,1
3398,3
3399,3
3400,4
3401,4
3402,4
3403,3
3404,3
3405,0
3406,3
3407,2
3408,0
3409,3
3410,3
3411,4
3412,5
3413,2
3414,3
3415,3
3416,3
3417,0
3418,3
3419,3
3420,3
3421,3
3422,3
3423,3
3424,2
3425,5
3426,0
3427,4
3428,2
3429,3
3430,3
3431,3
3432,3
3433,4
3434,6
3435,4
3436,3
3437,0
3438,2
3439,5
3440,3
3441,6
3442,0
3443,3
3444,0
3445,0
3446,3
3447,0
3448,5
3449,3
3450,6
3451,6
3452,2
3453,3
3454,3
3455,6
3456,3
3457,3
3458,5
3459,3
3460,3
3461,3
3462,0
3463,3
3464,2
3465,4
3466,1
3467,2
3468,3
3469,3
3470,6
3471,3
3472,0
3473,1
3474,1
3475,0
3476,3
3477,3
3478,0
3479,3
3480,3
3481,5
3482,3
3483,5
3484,2
3485,0
3486,3
3487,2
3488,0
3489,3
3490,3
3491,6
3492,3
3493,3
3494,3
3495,3
3496,3
3497,3
3498,3
3499,5
3500,4
3501,2
3502,6
3503,3
3504,3
3505,4
3506,3
3507,4
3508,3
3509,4
3510,3
3511,3
3512,6
3513,6
3514,3
3515,4
3516,3
3517,3
3518,3
3519,3
3520,3
3521,2
3522,1
3523,3
3524,3
3525,6
3526,3
3527,6
3528,5
3529,3
3530,4
3531,5
3532,3
3533,2
3534,3
3535,3
3536,4
3537,3
3538,3
3539,3
3540,2
3541,6
3542,3
3543,3
3544,3
3545,3
3546,3
3547,3
3548,2
3549,4
3550,1
3551,0
3552,0
3553,4
3554,3
3555,4
3556,0
3557,3
3558,6
3559,3
3560,3
3561,2
3562,0
3563,3
3564,3
3565,5
3566,3
3567,1
3568,1
3569,3
3570,3
3571,3
3572,6
3573,3
3574,5
3575,6
3576,6
3577,3
3578,3
3579,4
3580,4
3581,3
3582,3
3583,3
3584,3
3585,2
3586,3
3587,5
3588,6
3589,1
3590,3
3591,1
3592,3
3593,0
3594,0
3595,2
3596,0
3597,0
3598,4
3599,6
3600,3
3601,3
3602,0
3603,6
3604,0
3605,3
3606,2
3607,2
3608,3
3609,3
3610,1
3611,6
3612,4
3613,5
3614,3
3615,3
3616,3
3617,4
3618,6
3619,5
3620,4
3621,1
3622,3
3623,6
3624,0
3625,3
3626,3
3627,5
3628,4
3629,3
3630,1
3631,6
3632,3
3633,3
3634,1
3635,3
3636,3
3637,3
3638,6
3639,3
3640,2
3641,0
3642,2
3643,5
3644,3
3645,2
3646,3
3647,3
3648,0
3649,3
3650,1
3651,3
3652,0
3653,3
3654,3
3655,3
3656,1
3657,6
3658,5
3659,2
3660,3
3661,3
3662,0
3663,3
3664,3
3665,0
3666,0
3667,3
3668,6
3669,1
3670,3
3671,2
3672,2
3673,3
3674,3
3675,2
3676,0
3677,3
3678,3
3679,5
3680,3
3681,4
3682,3
3683,4
3684,2
3685,0
3686,0
3687,3
3688,3
3689,2
3690,2
3691,2
3692,4
3693,3
3694,3
3695,0
3696,3
3697,2
3698,3
3699,2
3700,6
3701,4
3702,4
3703,3
3704,4
3705,3
3706,6
3707,5
3708,3
3709,3
3710,5
3711,0
3712,0
3713,6
3714,2
3715,1
3716,4
3717,6
3718,3
3719,3
3720,1
3721,5
3722,1
3723,0
3724,6
3725,1
3726,3
3727,3
3728,6
3729,4
3730,4
3731,3
3732,3
3733,3
3734,0
3735,3
3736,3
3737,5
3738,0
3739,0
3740,3
3741,3
3742,1
3743,3
3744,1
3745,3
3746,3
3747,4
3748,3
3749,2
3750,3
3751,2
3752,5
3753,3
3754,0
3755,6
3756,0
3757,6
3758,4
3759,3
3760,3
3761,3
3762,2
3763,3
3764,0
3765,3
3766,3
3767,3
3768,3
3769,3
3770,3
3771,1
3772,3
3773,3
3774,0
3775,3
3776,3
3777,3
3778,3
3779,3
3780,3
3781,4
3782,4
3783,6
3784,5
3785,3
3786,0
3787,3
3788,3
3789,3
3790,4
3791,1
3792,1
3793,4
3794,6
3795,3
3796,0
3797,4
3798,6
3799,4
3800,2
3801,3
3802,1
3803,3
3804,3
3805,5
3806,3
3807,3
3808,0
3809,0
3810,0
3811,2
3812,3
3813,1
3814,1
3815,3
3816,3
3817,2
3818,3
3819,3
3820,4
3821,3
3822,3
3823,3
3824,0
3825,1
3826,6
3827,4
3828,3
3829,3
3830,3
3831,3
3832,0
3833,3
3834,3
3835,3
3836,0
3837,3
3838,6
3839,3
3840,6
3841,0
3842,3
3843,3
3844,3
3845,6
3846,6
3847,6
3848,2
3849,6
3850,3
3851,6
3852,3
3853,3
3854,3
3855,3
3856,4
3857,3
3858,3
3859,4
3860,3
3861,3
3862,4
3863,2
3864,1
3865,3
3866,3
3867,6
3868,4
3869,3
3870,3
3871,6
3872,0
3873,3
3874,3
3875,3
3876,3
3877,2
3878,4
3879,3
3880,3
3881,0
3882,3
3883,0
3884,6
3885,1
3886,3
3887,3
3888,3
3889,4
3890,6
3891,4
3892,0
3893,4
3894,3
3895,3
3896,1
3897,3
3898,1
3899,5
3900,6
3901,3
3902,5
3903,3
3904,0
3905,6
3906,3
3907,6
3908,5
3909,6
3910,6
3911,3
3912,3
3913,3
3914,3
3915,0
3916,4
3917,3
3918,2
3919,3
3920,3
3921,2
3922,5
3923,3
3924,3
3925,3
3926,0
3927,6
3928,4
3929,2
3930,2
3931,4
3932,3
3933,3
3934,1
3935,5
3936,3
3937,0
3938,3
3939,2
3940,3
3941,5
3942,3
3943,2
3944,3
3945,5
3946,3
3947,4
3948,3
3949,3
3950,3
3951,5
3952,6
3953,6
3954,3
3955,0
3956,3
3957,3
3958,3
3959,3
3960,6
3961,0
3962,5
3963,3
3964,2
3965,1
3966,3
3967,3
3968,3
3969,2
3970,3
3971,3
3972,0
3973,6
3974,4
3975,3
3976,5
3977,3
3978,3
3979,3
3980,2
3981,4
3982,4
3983,3
3984,3
3985,3
3986,4
3987,6
3988,3
3989,0
3990,2
3991,4
3992,0
3993,3
3994,2
3995,3
3996,3
3997,6
3998,6
3999,3
4000,1
4001,3
4002,4
4003,5
4004,3
4005,4
4006,3
4007,3
4008,3
4009,3
4010,0
4011,5
4012,3
4013,4
4014,0
4015,1
4016,3
4017,4
4018,0
4019,3
4020,5
4021,3
4022,0
4023,6
4024,4
4025,3
4026,3
4027,3
4028,6
4029,5
4030,0
4031,4
4032,0
4033,6
4034,2
4035,6
4036,3
4037,3
4038,1
4039,4
4040,5
4041,3
4042,3
4043,3
4044,0
4045,2
4046,3
4047,2
4048,0
4049,6
4050,3
4051,2
4052,3
4053,1
4054,0
4055,5
4056,5
4057,1
4058,3
4059,0
4060,4
4061,6
4062,3
4063,5
4064,1
4065,0
4066,0
4067,3
4068,0
4069,4
4070,3
4071,1
4072,3
4073,4
4074,3
4075,2
4076,6
4077,3
4078,6
4079,6
4080,3
4081,3
4082,3
4083,1
4084,6
4085,3
4086,3
4087,2
4088,6
4089,3
4090,1
4091,3
4092,1
4093,2
4094,3
4095,4
4096,3
4097,3
4098,2
4099,3
4100,6
4101,2
4102,3
4103,6
4104,5
4105,3
4106,3
4107,4
4108,3
4109,3
4110,6
4111,3
4112,3
4113,3
4114,0
4115,3
4116,3
4117,3
4118,3
4119,5
4120,3
4121,3
4122,2
4123,3
4124,0
4125,0
4126,3
4127,6
4128,3
4129,3
4130,2
4131,5
4132,0
4133,3
4134,6
4135,4
4136,3
4137,3
4138,3
4139,3
4140,6
4141,3
4142,3
4143,3
4144,3
4145,3
4146,5
4147,3
4148,5
4149,0
4150,3
4151,3
4152,6
4153,3
4154,6
4155,2
4156,6
4157,1
4158,3
4159,6
4160,0
4161,4
4162,2
4163,6
4164,3
4165,3
4166,2
4167,3
4168,4
4169,3
4170,4
4171,1
4172,3
4173,0
4174,5
4175,0
4176,5
4177,3
4178,3
4179,3
4180,6
4181,3
4182,3
4183,3
4184,1
4185,2
4186,5
4187,6
4188,1
4189,3
4190,3
4191,3
4192,6
4193,3
4194,4
4195,2
4196,4
4197,4
4198,0
4199,4
4200,5
4201,3
4202,5
4203,6
4204,2
4205,3
4206,5
4207,3
4208,3
4209,3
4210,6
4211,3
4212,3
4213,3
4214,3
4215,3
4216,6
4217,3
4218,0
4219,6
4220,2
4221,2
4222,1
4223,1
4224,1
4225,1
4226,0
4227,3
4228,3
4229,6
4230,3
4231,4
4232,3
4233,3
4234,3
4235,0
4236,3
4237,3
4238,0
4239,3
4240,3
4241,1
4242,3
4243,0
4244,4
4245,4
4246,6
4247,3
4248,6
4249,1
4250,2
4251,3
4252,3
4253,3
4254,3
4255,1
4256,6
4257,3
4258,6
4259,3
4260,2
4261,5
4262,0
4263,3
4264,3
4265,2
4266,0
4267,3
4268,6
4269,3
4270,2
4271,3
4272,4
4273,6
4274,2
4275,0
4276,3
4277,4
4278,3
4279,4
4280,4
4281,5
4282,2
4283,3
4284,3
4285,3
4286,4
4287,3
4288,3
4289,3
4290,6
4291,3
4292,0
4293,1
4294,3
4295,4
4296,4
4297,3
4298,6
4299,2
4300,0
4301,3
4302,0
4303,1
4304,2
4305,3
4306,0
4307,4
4308,3
4309,5
4310,4
4311,4
4312,3
4313,1
4314,5
4315,3
4316,5
4317,3
4318,3
4319,3
4320,3
4321,4
4322,2
4323,0
4324,6
4325,4
4326,5
4327,3
4328,3
4329,3
4330,5
4331,3
4332,3
4333,3
4334,3
4335,3
4336,3
4337,6
4338,1
4339,3
4340,3
4341,2
4342,3
4343,6
4344,3
4345,3
4346,3
4347,6
4348,3
4349,1
4350,3
4351,2
4352,2
4353,3
4354,2
4355,6
4356,4
4357,6
4358,5
4359,3
4360,1
4361,0
4362,4
4363,3
4364,3
4365,3
4366,4
4367,0
4368,3
4369,4
4370,4
4371,6
4372,2
4373,6
4374,0
4375,0
4376,2
4377,5
4378,4
4379,5
4380,6
4381,3
4382,3
4383,3
4384,0
4385,3
4386,0
4387,2
4388,0
4389,3
4390,1
4391,6
4392,6
4393,3
4394,4
4395,3
4396,4
4397,6
4398,5
4399,3
4400,0
4401,0
4402,4
4403,3
4404,3
4405,3
4406,2
4407,6
4408,3
4409,3
4410,4
4411,3
4412,3
4413,4
4414,3
4415,6
4416,3
4417,3
4418,3
4419,3
4420,3
4421,1
4422,3
4423,5
4424,3
4425,1
4426,1
4427,4
4428,3
4429,6
4430,0
4431,3
4432,3
4433,4
4434,3
4435,3
4436,4
4437,0
4438,3
4439,6
4440,3
4441,3
4442,3
4443,1
4444,3
4445,0
4446,0
4447,2
4448,3
4449,6
4450,3
4451,3
4452,3
4453,3
4454,0
4455,3
4456,6
4457,2
4458,2
4459,3
4460,6
4461,0
4462,2
4463,2
4464,3
4465,1
4466,2
4467,1
4468,4
4469,4
4470,0
4471,0
4472,3
4473,6
4474,1
4475,5
4476,3
4477,3
4478,0
4479,3
4480,6
4481,3
4482,1
4483,6
4484,3
4485,2
4486,3
4487,3
4488,5
4489,3
4490,3
4491,2
4492,3
4493,1
4494,3
4495,4
4496,4
4497,3
4498,3
4499,3
4500,1
4501,0
4502,3
4503,4
4504,2
4505,4
4506,3
4507,5
4508,3
4509,1
4510,3
4511,0
4512,5
4513,3
4514,3
4515,4
4516,5
4517,6
4518,0
4519,3
4520,5
4521,2
4522,4
4523,3
4524,3
4525,3
4526,2
4527,0
4528,3
4529,5
4530,6
4531,0
4532,3
4533,3
4534,3
4535,3
4536,3
4537,4
4538,3
4539,4
4540,3
4541,6
4542,3
4543,4
4544,1
4545,2
4546,0
4547,0
4548,3
4549,4
4550,3
4551,3
4552,6
4553,3
4554,3
4555,4
4556,4
4557,4
4558,3
4559,3
4560,6
4561,1
4562,4
4563,3
4564,3
4565,0
4566,3
4567,2
4568,6
4569,0
4570,0
4571,0
4572,5
4573,0
4574,6
4575,4
4576,6
4577,0
4578,0
4579,3
4580,0
4581,3
4582,6
4583,4
4584,3
4585,3
4586,3
4587,6
4588,2
4589,6
4590,3
4591,3
4592,3
4593,6
4594,3
4595,3
4596,5
4597,3
4598,3
4599,3
4600,3
4601,3
4602,3
4603,5
4604,0
4605,4
4606,3
4607,3
4608,3
4609,3
4610,2
4611,3
4612,3
4613,1
4614,5
4615,3
4616,3
4617,3
4618,0
4619,3
4620,0
4621,3
4622,4
4623,6
4624,6
4625,3
4626,3
4627,2
4628,1
4629,3
4630,3
4631,6
4632,3
4633,3
4634,2
4635,3
4636,2
4637,6
4638,3
4639,3
4640,3
4641,6
4642,3
4643,3
4644,3
4645,3
4646,3
4647,3
4648,4
4649,0
4650,3
4651,3
4652,3
4653,5
4654,3
4655,0
4656,0
4657,3
4658,5
4659,6
4660,2
4661,3
4662,0
4663,2
4664,6
4665,3
4666,2
4667,5
4668,3
4669,0
4670,1
4671,1
4672,3
4673,3
4674,1
4675,1
4676,0
4677,3
4678,3
4679,6
4680,5
4681,6
4682,3
4683,4
4684,4
4685,2
4686,3
4687,3
4688,0
4689,1
4690,2
4691,3
4692,3
4693,3
4694,3
4695,3
4696,0
4697,3
4698,5
4699,6
4700,6
4701,3
4702,1
4703,6
4704,3
4705,4
4706,6
4707,0
4708,3
4709,4
4710,3
4711,3
4712,3
4713,3
4714,5
4715,6
4716,2
4717,3
4718,2
4719,3
4720,3
4721,3
4722,3
4723,3
4724,5
4725,0
4726,3
4727,4
4728,0
4729,3
4730,2
4731,1
4732,5
4733,5
4734,6
4735,3
4736,4
4737,2
4738,3
4739,5
4740,6
4741,3
4742,3
4743,3
4744,2
4745,1
4746,0
4747,3
4748,3
4749,6
4750,4
4751,5
4752,3
4753,5
4754,4
4755,3
4756,6
4757,2
4758,4
4759,3
4760,0
4761,3
4762,6
4763,0
4764,2
4765,3
4766,1
4767,3
4768,3
4769,3
4770,0
4771,3
4772,5
4773,4
4774,3
4775,5
4776,3
4777,6
4778,3
4779,3
4780,3
4781,6
4782,5
4783,3
4784,3
4785,3
4786,3
4787,3
4788,3
4789,4
4790,3
4791,2
4792,6
4793,4
4794,0
4795,4
4796,6
4797,1
4798,3
4799,3
4800,3
4801,2
4802,5
4803,6
4804,1
4805,3
4806,1
4807,3
4808,0
4809,3
4810,1
4811,1
4812,3
4813,6
4814,5
4815,6
4816,6
4817,5
4818,0
4819,3
4820,3
4821,5
4822,3
4823,0
4824,3
4825,3
4826,3
4827,4
4828,1
4829,4
4830,2
4831,4
4832,3
4833,2
4834,3
4835,3
4836,6
4837,3
4838,0
4839,3
4840,3
4841,3
4842,6
4843,3
4844,3
4845,2
4846,0
4847,5
4848,3
4849,3
4850,3
4851,1
4852,5
4853,3
4854,1
4855,4
4856,1
4857,4
4858,3
4859,4
4860,3
4861,2
4862,5
4863,6
4864,3
4865,0
4866,4
4867,0
4868,4
4869,3
4870,1
4871,4
4872,0
4873,0
4874,6
4875,5
4876,2
4877,0
4878,3
4879,3
4880,3
4881,3
4882,3
4883,6
4884,3
4885,3
4886,0
4887,3
4888,3
4889,3
4890,3
4891,0
4892,3
4893,1
4894,0
4895,5
4896,3
4897,0
4898,4
4899,1
4900,3
4901,2
4902,1
4903,0
4904,6
4905,5
4906,2
4907,1
4908,1
4909,3
4910,3
4911,2
4912,0
4913,4
4914,0
4915,6
4916,3
4917,1
4918,6
4919,3
4920,3
4921,0
4922,4
4923,4
4924,6
4925,0
4926,3
4927,3
4928,4
4929,6
4930,5
4931,6
4932,6
4933,4
4934,6
4935,1
4936,1
4937,2
4938,6
4939,3
4940,3
4941,3
4942,2
4943,3
4944,4
4945,6
4946,3
4947,0
4948,5
4949,1
4950,4
4951,6
4952,2
4953,6
4954,3
4955,3
4956,6
4957,2
4958,0
4959,2
4960,3
4961,3
4962,3
4963,0
4964,6
4965,3
4966,5
4967,3
4968,3
4969,3
4970,3
4971,5
4972,4
4973,0
4974,3
4975,2
4976,5
4977,3
4978,3
4979,1
4980,3
4981,0
4982,1
4983,3
4984,3
4985,6
4986,5
4987,3
4988,3
4989,3
4990,5
4991,0
4992,6
4993,3
4994,3
4995,3
4996,3
4997,6
4998,0
4999,3
5000,6
5001,3
5002,3
5003,5
5004,3
5005,3
5006,3
5007,2
5008,2
5009,0
5010,3
5011,3
5012,2
5013,1
5014,6
5015,3
5016,0
5017,3
5018,6
5019,3
5020,3
5021,0
5022,3
5023,3
5024,3
5025,4
5026,0
5027,6
5028,6
5029,3
5030,0
5031,3
5032,3
5033,3
5034,6
5035,3
5036,0
5037,3
5038,1
5039,3
5040,0
5041,0
5042,3
5043,3
5044,0
5045,2
5046,3
5047,5
5048,2
5049,2
5050,3
5051,0
5052,1
5053,3
5054,3
5055,4
5056,3
5057,3
5058,3
5059,3
5060,2
5061,3
5062,6
5063,3
5064,2
5065,3
5066,1
5067,3
5068,3
5069,4
5070,3
5071,0
5072,2
5073,0
5074,3
5075,2
5076,3
5077,0
5078,6
5079,3
5080,3
5081,0
5082,6
5083,0
5084,6
5085,5
5086,1
5087,1
5088,3
5089,6
5090,3
5091,6
5092,3
5093,0
5094,3
5095,0
5096,3
5097,3
5098,3
5099,2
5100,3
5101,3
5102,6
5103,6
5104,2
5105,4
5106,5
5107,2
5108,5
5109,6
5110,0
5111,3
5112,3
5113,3
5114,5
5115,2
5116,5
5117,3
5118,3
5119,1
5120,3
5121,6
5122,6
5123,3
5124,2
5125,2
5126,3
5127,3
5128,3
5129,3
5130,4
5131,3
5132,2
5133,3
5134,3
5135,2
5136,4
5137,2
5138,2
5139,3
5140,0
5141,5
5142,3
5143,3
5144,3
5145,6
5146,4
5147,6
5148,1
5149,3
5150,5
5151,0
5152,3
5153,3
5154,2
5155,6
5156,3
5157,3
5158,3
5159,6
5160,3
5161,3
5162,0
5163,4
5164,3
5165,3
5166,3
5167,3
5168,3
5169,2
5170,3
5171,2
5172,0
5173,3
5174,0
5175,6
5176,3
5177,6
5178,3
5179,3
5180,4
5181,0
5182,1
5183,3
5184,4
5185,0
5186,0
5187,2
5188,3
5189,6
5190,2
5191,6
5192,3
5193,3
5194,3
5195,2
5196,2
5197,4
5198,2
5199,3
5200,3
5201,3
5202,3
5203,3
5204,3
5205,4
5206,2
5207,4
5208,3
5209,4
5210,4
5211,3
5212,1
5213,3
5214,1
5215,3
5216,3
5217,6
5218,3
5219,3
5220,3
5221,3
5222,0
5223,3
5224,3
5225,3
5226,3
5227,3
5228,1
5229,3
5230,3
5231,1
5232,3
5233,3
5234,1
5235,3
5236,5
5237,3
5238,3
5239,3
5240,6
5241,6
5242,1
5243,4
5244,2
5245,3
5246,3
5247,3
5248,3
5249,3
5250,3
5251,1
5252,3
5253,2
5254,6
5255,3
5256,2
5257,3
5258,3
5259,2
5260,4
5261,3
5262,6
5263,3
5264,3
5265,2
5266,2
5267,0
5268,2
5269,3
5270,5
5271,6
5272,0
5273,1
5274,3
5275,4
5276,3
5277,3
5278,1
5279,3
5280,3
5281,5
5282,3
5283,0
5284,3
5285,4
5286,3
5287,4
5288,4
5289,3
5290,2
5291,6
5292,4
5293,4
5294,6
5295,3
5296,6
5297,3
5298,3
5299,1
5300,3
5301,3
5302,3
5303,3
5304,2
5305,3
5306,3
5307,0
5308,0
5309,3
5310,1
5311,3
5312,3
5313,3
5314,6
5315,1
5316,6
5317,2
5318,1
5319,1
5320,5
5321,0
5322,1
5323,4
5324,4
5325,6
5326,3
5327,4
5328,0
5329,3
5330,1
5331,6
5332,3
5333,3
5334,1
5335,1
5336,5
5337,4
5338,2
5339,3
5340,1
5341,5
5342,5
5343,6
5344,4
5345,3
5346,3
5347,6
5348,4
5349,3
5350,3
5351,3
5352,5
5353,3
5354,3
5355,3
5356,3
5357,6
5358,6
5359,6
5360,3
5361,6
5362,3
5363,6
5364,3
5365,3
5366,3
5367,3
5368,4
5369,2
5370,3
5371,3
5372,3
5373,2
5374,3
5375,4
5376,3
5377,6
5378,3
5379,6
5380,3
5381,6
5382,4
5383,3
5384,3
5385,6
5386,2
5387,2
5388,3
5389,3
5390,3
5391,6
5392,4
5393,3
5394,3
5395,3
5396,3
5397,3
5398,3
5399,4
5400,3
5401,3
5402,1
5403,6
5404,3
5405,3
5406,3
5407,3
5408,3
5409,3
5410,6
5411,2
5412,3
5413,3
5414,3
5415,1
5416,0
5417,6
5418,3
5419,0
5420,0
5421,5
5422,2
5423,3
5424,4
5425,3
5426,0
5427,3
5428,5
5429,4
5430,6
5431,2
5432,3
5433,1
5434,3
5435,3
5436,3
5437,3
5438,3
5439,3
5440,0
5441,3
5442,2
5443,3
5444,0
5445,3
5446,3
5447,3
5448,2
5449,1
5450,5
5451,3
5452,0
5453,3
5454,3
5455,6
5456,6
5457,2
5458,3
5459,6
5460,0
5461,0
5462,6
5463,3
5464,4
5465,3
5466,1
5467,4
5468,3
5469,3
5470,3
5471,3
5472,6
5473,6
5474,3
5475,0
5476,6
5477,3
5478,6
5479,3
5480,0
5481,5
5482,5
5483,5
5484,3
5485,0
5486,1
5487,3
5488,6
5489,0
5490,2
5491,1
5492,3
5493,0
5494,3
5495,3
5496,4
5497,3
5498,2
5499,6
5500,3
5501,1
5502,6
5503,6
5504,3
5505,2
5506,3
5507,3
5508,1
5509,3
5510,5
5511,3
5512,3
5513,0
5514,3
5515,0
5516,3
5517,2
5518,3
5519,3
5520,3
5521,0
5522,4
5523,3
5524,3
5525,3
5526,2
5527,1
5528,3
5529,0
5530,0
5531,6
5532,3
5533,3
5534,3
5535,6
5536,2
5537,2
5538,4
5539,3
5540,3
5541,3
5542,3
5543,4
5544,0
5545,3
5546,3
5547,2
5548,3
5549,3
5550,6
5551,3
5552,3
5553,0
5554,3
5555,3
5556,3
5557,3
5558,0
5559,4
5560,4
5561,5
5562,4
5563,3
5564,5
5565,3
5566,3
5567,0
5568,0
5569,6
5570,0
5571,3
5572,3
5573,3
5574,3
5575,3
5576,0
5577,2
5578,3
5579,1
5580,3
5581,3
5582,3
5583,0
5584,5
5585,3
5586,3
5587,0
5588,2
5589,4
5590,6
5591,1
5592,6
5593,2
5594,1
5595,3
5596,3
5597,3
5598,4
5599,3
5600,3
5601,3
5602,5
5603,0
5604,3
5605,0
5606,2
5607,1
5608,3
5609,2
5610,1
5611,3
5612,2
5613,3
5614,1
5615,3
5616,3
5617,5
5618,6
5619,3
5620,0
5621,3
5622,1
5623,1
5624,3
5625,6
5626,3
5627,3
5628,0
5629,3
5630,3
5631,3
5632,3
5633,5
5634,3
5635,2
5636,3
5637,3
5638,1
5639,2
5640,3
5641,4
5642,3
5643,4
5644,2
5645,0
5646,2
5647,2
5648,0
5649,6
5650,5
5651,3
5652,0
5653,6
5654,5
5655,3
5656,0
5657,6
5658,3
5659,0
5660,4
5661,1
5662,1
5663,3
5664,2
5665,0
5666,2
5667,6
5668,3
5669,3
5670,4
5671,3
5672,5
5673,2
5674,2
5675,0
5676,3
5677,6
5678,6
5679,3
5680,3
5681,4
5682,5
5683,5
5684,3
5685,3
5686,4
5687,0
5688,3
5689,0
5690,0
5691,3
5692,6
5693,5
5694,3
5695,1
5696,3
5697,1
5698,3
5699,0
5700,3
5701,5
5702,3
5703,1
5704,2
5705,5
5706,3
5707,0
5708,3
5709,1
5710,5
5711,0
5712,6
5713,2
5714,3
5715,1
5716,3
5717,0
5718,3
5719,1
5720,0
5721,3
5722,0
5723,4
5724,6
5725,3
5726,0
5727,6
5728,6
5729,5
5730,3
5731,3
5732,3
5733,6
5734,3
5735,6
5736,6
5737,0
5738,3
5739,3
5740,3
5741,5
5742,6
5743,3
5744,3
5745,3
5746,3
5747,4
5748,5
5749,3
5750,3
5751,4
5752,3
5753,3
5754,3
5755,3
5756,3
5757,3
5758,2
5759,3
5760,3
5761,3
5762,3
5763,3
5764,1
5765,3
5766,3
5767,3
5768,6
5769,6
5770,5
5771,1
5772,0
5773,3
5774,3
5775,0
5776,1
5777,0
5778,2
5779,3
5780,3
5781,3
5782,3
5783,3
5784,6
5785,3
5786,1
5787,3
5788,6
5789,4
5790,3
5791,6
5792,1
5793,3
5794,3
5795,3
5796,4
5797,1
5798,5
5799,3
5800,1
5801,6
5802,6
5803,3
5804,3
5805,4
5806,3
5807,6
5808,4
5809,1
5810,3
5811,3
5812,3
5813,3
5814,1
5815,5
5816,0
5817,3
5818,0
5819,3
5820,3
5821,2
5822,2
5823,4
5824,3
5825,6
5826,5
5827,3
5828,3
5829,0
5830,6
5831,3
5832,3
5833,3
5834,1
5835,3
5836,2
5837,2
5838,3
5839,3
5840,6
5841,0
5842,3
5843,5
5844,3
5845,0
5846,3
5847,3
5848,4
5849,3
5850,4
5851,3
5852,6
5853,2
5854,3
5855,3
5856,3
5857,3
5858,3
5859,3
5860,1
5861,3
5862,3
5863,3
5864,3
5865,3
5866,2
5867,3
5868,4
5869,2
5870,5
5871,3
5872,3
5873,1
5874,3
5875,4
5876,3
5877,3
5878,2
5879,0
5880,3
5881,3
5882,3
5883,2
5884,6
5885,3
5886,0
5887,4
5888,5
5889,3
5890,0
5891,0
5892,5
5893,3
5894,3
5895,3
5896,0
5897,6
5898,5
5899,3
5900,1
5901,0
5902,3
5903,3
5904,3
5905,0
5906,3
5907,4
5908,5
5909,0
5910,5
5911,3
5912,3
5913,0
5914,4
5915,3
5916,5
5917,6
5918,3
5919,0
5920,3
5921,3
5922,0
5923,3
5924,0
5925,2
5926,3
5927,3
5928,2
5929,3
5930,3
5931,3
5932,5
5933,3
5934,4
5935,3
5936,3
5937,0
5938,3
5939,1
5940,3
5941,2
5942,3
5943,3
5944,3
5945,6
5946,3
5947,3
5948,5
5949,2
5950,3
5951,3
5952,3
5953,2
5954,4
5955,2
5956,3
5957,3
5958,6
5959,5
5960,3
5961,2
5962,3
5963,3
5964,4
5965,3
5966,0
5967,4
5968,3
5969,3
5970,3
5971,3
5972,1
5973,2
5974,4
5975,3
5976,6
5977,0
5978,3
5979,3
5980,3
5981,3
5982,3
5983,3
5984,3
5985,3
5986,3
5987,2
5988,2
5989,6
5990,3
5991,2
5992,1
5993,3
5994,0
5995,0
5996,6
5997,5
5998,0
5999,3
6000,3
6001,2
6002,0
6003,0
6004,1
6005,3
6006,2
6007,6
6008,2
6009,3
6010,5
6011,3
6012,3
6013,3
6014,3
6015,3
6016,3
6017,3
6018,5
6019,0
6020,3
6021,2
6022,4
6023,6
6024,3
6025,3
6026,2
6027,3
6028,6
6029,2
6030,2
6031,0
6032,3
6033,0
6034,0
6035,5
6036,3
6037,4
6038,1
6039,3
6040,1
6041,3
6042,2
6043,1
6044,3
6045,3
6046,3
6047,6
6048,3
6049,0
6050,1
6051,4
6052,3
6053,3
6054,3
6055,5
6056,4
6057,6
6058,6
6059,6
6060,3
6061,3
6062,3
6063,3
6064,3
6065,4
6066,3
6067,3
6068,0
6069,3
6070,3
6071,3
6072,6
6073,2
6074,3
6075,2
6076,6
6077,2
6078,1
6079,4
6080,3
6081,3
6082,3
6083,0
6084,3
6085,3
6086,1
6087,3
6088,3
6089,2
6090,3
6091,5
6092,5
6093,0
6094,0
6095,2
6096,3
6097,6
6098,5
6099,3
6100,3
6101,6
6102,2
6103,3
6104,3
6105,4
6106,0
6107,6
6108,0
6109,3
6110,3
6111,2
6112,2
6113,0
6114,6
6115,3
6116,3
6117,1
6118,3
6119,3
6120,3
6121,3
6122,3
6123,2
6124,3
6125,3
6126,4
6127,3
6128,1
6129,1
6130,0
6131,3
6132,4
6133,1
6134,1
6135,6
6136,2
6137,3
6138,0
6139,3
6140,1
6141,4
6142,4
6143,2
6144,3
6145,3
6146,3
6147,3
6148,6
6149,2
6150,3
6151,3
6152,4
6153,4
6154,3
6155,4
6156,3
6157,6
6158,2
6159,6
6160,3
6161,2
6162,3
6163,3
6164,3
6165,6
6166,3
6167,6
6168,0
6169,3
6170,0
6171,0
6172,3
6173,3
6174,5
6175,0
6176,6
6177,2
6178,3
6179,0
6180,5
6181,4
6182,6
6183,3
6184,3
6185,0
6186,3
6187,4
6188,0
6189,3
6190,5
6191,5
6192,3
6193,5
6194,5
6195,4
6196,2
6197,3
6198,2
6199,3
6200,3
6201,0
6202,3
6203,5
6204,2
6205,3
6206,2
6207,3
6208,4
6209,6
6210,3
6211,2
6212,5
6213,4
6214,4
6215,3
6216,3
6217,6
6218,1
6219,5
6220,3
6221,6
6222,3
6223,3
6224,3
6225,3
6226,3
6227,0
6228,5
6229,1
6230,0
6231,3
6232,3
6233,3
6234,6
6235,2
6236,3
6237,3
6238,2
6239,3
6240,0
6241,4
6242,0
6243,3
6244,3
6245,3
6246,4
6247,3
6248,3
6249,1
6250,3
6251,3
6252,6
6253,6
6254,3
6255,6
6256,4
6257,6
6258,1
6259,6
6260,3
6261,3
6262,2
6263,3
6264,0
6265,6
6266,3
6267,3
6268,3
6269,2
6270,0
6271,3
6272,3
6273,3
6274,5
6275,3
6276,5
6277,3
6278,3
6279,4
6280,1
6281,3
6282,3
6283,3
6284,3
6285,2
6286,0
6287,4
6288,3
6289,6
6290,3
6291,3
6292,1
6293,1
6294,4
6295,1
6296,1
6297,4
6298,4
6299,6
6300,5
6301,3
6302,6
6303,3
6304,1
6305,3
6306,4
6307,3
6308,3
6309,3
6310,0
6311,3
6312,5
6313,6
6314,3
6315,1
6316,3
6317,5
6318,3
6319,6
6320,3
6321,0
6322,5
6323,1
6324,3
6325,1
6326,2
6327,5
6328,6
6329,4
6330,3
6331,5
6332,4
6333,3
6334,3
6335,5
6336,3
6337,3
6338,0
6339,3
6340,3
6341,3
6342,6
6343,0
6344,4
6345,1
6346,0
6347,3
6348,0
6349,1
6350,3
6351,3
6352,4
6353,1
6354,3
6355,3
6356,0
6357,2
6358,0
6359,3
6360,3
6361,4
6362,1
6363,3
6364,6
6365,5
6366,5
6367,0
6368,2
6369,0
6370,4
6371,3
6372,3
6373,6
6374,3
6375,2
6376,6
6377,3
6378,6
6379,3
6380,3
6381,3
6382,0
6383,6
6384,3
6385,3
6386,3
6387,3
6388,3
6389,0
6390,3
6391,3
6392,0
6393,6
6394,3
6395,3
6396,3
6397,6
6398,6
6399,6
6400,3
6401,1
6402,2
6403,3
6404,0
6405,0
6406,3
6407,3
6408,0
6409,5
6410,2
6411,2
6412,0
6413,0
6414,6
6415,5
6416,3
6417,3
6418,3
6419,6
6420,3
6421,3
6422,4
6423,6
6424,3
6425,1
6426,1
6427,5
6428,6
6429,2
6430,4
6431,3
6432,6
6433,3
6434,4
6435,6
6436,6
6437,3
6438,6
6439,3
6440,6
6441,3
6442,0
6443,0
6444,6
6445,3
6446,3
6447,4
6448,3
6449,6
6450,3
6451,3
6452,0
6453,3
6454,0
6455,0
6456,3
6457,3
6458,3
6459,2
6460,1
6461,3
6462,0
6463,4
6464,5
6465,3
6466,4
6467,1
6468,2
6469,0
6470,4
6471,0
6472,3
6473,2
6474,5
6475,5
6476,6
6477,6
6478,6
6479,4
6480,3
6481,3
6482,3
6483,4
6484,3
6485,3
6486,2
6487,0
6488,3
6489,3
6490,0
6491,3
6492,1
6493,3
6494,2
6495,6
6496,0
6497,2
6498,0
6499,0
6500,3
6501,1
6502,3
6503,1
6504,3
6505,3
6506,3
6507,3
6508,3
6509,0
6510,0
6511,3
6512,3
6513,3
6514,6
6515,3
6516,4
6517,3
6518,6
6519,0
6520,3
6521,1
6522,2
6523,4
6524,3
6525,3
6526,3
6527,4
6528,1
6529,3
6530,3
6531,5
6532,2
6533,2
6534,1
6535,1
6536,3
6537,3
6538,6
6539,3
6540,3
6541,5
6542,0
6543,3
6544,1
6545,3
6546,3
6547,4
6548,0
6549,3
6550,5
6551,3
6552,0
6553,1
6554,1
6555,0
6556,5
6557,0
6558,3
6559,5
6560,3
6561,3
6562,3
6563,3
6564,3
6565,3
6566,2
6567,3
6568,3
6569,3
6570,6
6571,6
6572,3
6573,3
6574,2
6575,1
6576,0
6577,2
6578,3
6579,0
6580,4
6581,3
6582,4
6583,3
6584,3
6585,1
6586,3
6587,6
6588,3
6589,6
6590,3
6591,3
6592,5
6593,3
6594,3
6595,6
6596,4
6597,0
6598,3
6599,3
6600,3
6601,3
6602,3
6603,5
6604,3
6605,3
6606,3
6607,2
6608,2
6609,3
6610,3
6611,3
6612,0
6613,3
6614,0
6615,1
6616,3
6617,6
6618,3
6619,3
6620,0
6621,6
6622,3
6623,3
6624,3
6625,3
6626,0
6627,1
6628,6
6629,1
6630,4
6631,0
6632,3
6633,0
6634,1
6635,6
6636,1
6637,3
6638,3
6639,4
6640,3
6641,2
6642,3
6643,4
6644,6
6645,2
6646,3
6647,3
6648,4
6649,3
6650,4
6651,3
6652,2
6653,5
6654,2
6655,3
6656,3
6657,0
6658,6
6659,3
6660,3
6661,3
6662,6
6663,3
6664,2
6665,1
6666,2
6667,3
6668,6
6669,4
6670,3
6671,3
6672,0
6673,2
6674,3
6675,6
6676,3
6677,5
6678,3
6679,2
6680,5
6681,3
6682,2
6683,6
6684,6
6685,0
6686,5
6687,3
6688,2
6689,3
6690,0
6691,5
6692,6
6693,3
6694,3
6695,3
6696,3
6697,3
6698,3
6699,3
6700,1
6701,5
6702,6
6703,3
6704,2
6705,0
6706,3
6707,5
6708,6
6709,2
6710,0
6711,6
6712,0
6713,3
6714,3
6715,3
6716,3
6717,3
6718,3
6719,1
6720,2
6721,5
6722,3
6723,0
6724,6
6725,1
6726,6
6727,6
6728,2
6729,6
6730,1
6731,0
6732,5
6733,2
6734,4
6735,6
6736,1
6737,3
6738,3
6739,3
6740,1
6741,5
6742,3
6743,6
6744,4
6745,1
6746,3
6747,4
6748,1
6749,3
6750,3
6751,3
6752,3
6753,0
6754,0
6755,4
6756,3
6757,1
6758,3
6759,3
6760,3
6761,3
6762,3
6763,4
6764,2
6765,3
6766,0
6767,3
6768,3
6769,3
6770,1
6771,6
6772,3
6773,3
6774,0
6775,6
6776,3
6777,6
6778,3
6779,3
6780,1
6781,4
6782,1
6783,4
6784,3
6785,0
6786,0
6787,6
6788,5
6789,6
6790,6
6791,3
6792,0
6793,2
6794,3
6795,3
6796,3
6797,3
6798,4
6799,6
6800,3
6801,3
6802,1
6803,5
6804,6
6805,0
6806,3
6807,3
6808,0
6809,0
6810,1
6811,6
6812,3
6813,3
6814,2
6815,5
6816,4
6817,3
6818,1
6819,6
6820,3
6821,5
6822,0
6823,3
6824,5
6825,4
6826,3
6827,2
6828,3
6829,2
6830,3
6831,0
6832,6
6833,3
6834,0
6835,0
6836,3
6837,3
6838,3
6839,3
6840,2
6841,4
6842,4
6843,0
6844,1
6845,4
6846,3
6847,3
6848,4
6849,0
6850,1
6851,6
6852,1
6853,3
6854,5
6855,4
6856,2
6857,3
6858,2
6859,6
6860,4
6861,3
6862,3
6863,5
6864,0
6865,3
6866,6
6867,2
6868,3
6869,3
6870,3
6871,3
6872,4
6873,3
6874,0
6875,3
6876,3
6877,3
6878,6
6879,5
6880,3
6881,0
6882,6
6883,3
6884,3
6885,6
6886,3
6887,0
6888,3
6889,3
6890,6
6891,3
6892,2
6893,3
6894,6
6895,1
6896,3
6897,3
6898,0
6899,3
6900,4
6901,2
6902,3
6903,3
6904,6
6905,3
6906,2
6907,3
6908,0
6909,6
6910,3
6911,0
6912,5
6913,0
6914,3
6915,0
6916,3
6917,2
6918,1
6919,2
6920,1
6921,3
6922,5
6923,3
6924,0
6925,5
6926,6
6927,4
6928,4
6929,3
6930,3
6931,4
6932,3
6933,0
6934,2
6935,2
6936,4
6937,4
6938,6
6939,3
6940,2
6941,3
6942,4
6943,0
6944,6
6945,0
6946,6
6947,1
6948,3
6949,5
6950,3
6951,3
6952,0
6953,0
6954,3
6955,4
6956,6
6957,3
6958,3
6959,6
6960,0
6961,4
6962,1
6963,2
6964,6
6965,1
6966,6
6967,5
6968,0
6969,6
6970,3
6971,3
6972,3
6973,4
6974,4
6975,2
6976,4
6977,3
6978,5
6979,3
6980,4
6981,3
6982,0
6983,4
6984,3
6985,3
6986,3
6987,1
6988,0
6989,2
6990,0
6991,5
6992,6
6993,6
6994,3
6995,3
6996,1
6997,2
6998,5
6999,3
7000,5
7001,0
7002,6
7003,3
7004,3
7005,0
7006,4
7007,3
7008,3
7009,3
7010,3
7011,0
7012,1
7013,3
7014,2
7015,3
7016,6
7017,3
7018,6
7019,3
7020,6
7021,3
7022,0
7023,4
7024,3
7025,1
7026,6
7027,3
7028,5
7029,0
7030,3
7031,3
7032,0
7033,4
7034,3
7035,3
7036,3
7037,5
7038,3
7039,6
7040,3
7041,3
7042,0
7043,2
7044,0
7045,3
7046,3
7047,3
7048,2
7049,3
7050,2
7051,3
7052,2
7053,0
7054,2
7055,3
7056,0
7057,1
7058,2
7059,3
7060,3
7061,3
7062,6
7063,4
7064,0
7065,3
7066,0
7067,6
7068,3
7069,6
7070,3
7071,3
7072,3
7073,0
7074,2
7075,4
7076,6
7077,3
7078,6
7079,3
7080,6
7081,6
7082,3
7083,3
7084,0
7085,0
7086,6
7087,2
7088,6
7089,6
7090,2
7091,6
7092,0
7093,3
7094,3
7095,6
7096,3
7097,3
7098,5
7099,1
7100,0
7101,0
7102,4
7103,3
7104,3
7105,0
7106,6
7107,2
7108,1
7109,3
7110,6
7111,3
7112,3
7113,5
7114,4
7115,3
7116,2
7117,0
7118,6
7119,3
7120,3
7121,4
7122,6
7123,3
7124,3
7125,0
7126,2
7127,1
7128,0
7129,6
7130,3
7131,3
7132,4
7133,1
7134,3
7135,3
7136,3
7137,3
7138,2
7139,2
7140,1
7141,5
7142,3
7143,3
7144,6
7145,3
7146,3
7147,4
7148,3
7149,4
7150,2
7151,3
7152,3
7153,0
7154,3
7155,0
7156,3
7157,1
7158,1
7159,3
7160,4
7161,1
7162,6
7163,2
7164,1
7165,2
7166,5
7167,3
7168,3
7169,6
7170,3
7171,3
7172,3
7173,3
7174,3
7175,3
7176,0
7177,3
7178,3
7179,6
7180,2
7181,3
7182,6
7183,2
7184,2
7185,3
7186,3
7187,6
7188,3
7189,2
7190,3
7191,3
7192,3
7193,1
7194,0
7195,0
7196,5
7197,3
7198,6
7199,3
7200,4
7201,4
7202,5
7203,3
7204,3
7205,0
7206,3
7207,3
7208,6
7209,3
7210,3
7211,6
7212,3
7213,0
7214,3
7215,3
7216,6
7217,1
7218,6
7219,3
7220,3
7221,3
7222,3
7223,3
7224,3
7225,4
7226,3
7227,4
7228,4
7229,3
7230,0
7231,3
7232,3
7233,3
7234,4
7235,3
7236,1
7237,0
7238,2
7239,0
7240,3
7241,0
7242,2
7243,3
7244,6
7245,3
7246,1
7247,5
7248,5
7249,4
7250,3
7251,1
7252,1
7253,4
7254,3
7255,3
7256,4
7257,3
7258,3
7259,3
7260,4
7261,3
7262,0
7263,3
7264,3
7265,0
7266,3
7267,0
7268,3
7269,3
7270,5
7271,3
7272,3
7273,6
7274,1
7275,5
7276,6
7277,3
7278,0
7279,3
7280,1
7281,2
7282,3
7283,3
7284,3
7285,6
7286,3
7287,0
7288,5
7289,6
7290,3
7291,0
7292,0
7293,3
7294,3
7295,2
7296,6
7297,1
7298,3
7299,3
7300,3
7301,5
7302,0
7303,1
7304,3
7305,3
7306,2
7307,0
7308,3
7309,3
7310,6
7311,4
7312,4
7313,1
7314,3
7315,1
7316,3
7317,3
7318,6
7319,5
7320,3
7321,3
7322,3
7323,6
7324,3
7325,3
7326,0
7327,0
7328,4
7329,3
7330,3
7331,0
7332,3
7333,1
7334,3
7335,3
7336,3
7337,0
7338,3
7339,1
7340,0
7341,3
7342,5
7343,2
7344,3
7345,1
7346,1
7347,1
7348,3
7349,6
7350,5
7351,0
7352,6
7353,4
7354,2
7355,4
7356,3
7357,3
7358,3
7359,3
7360,4
7361,1
7362,3
7363,1
7364,3
7365,3
7366,0
7367,2
7368,4
7369,6
7370,0
7371,5
7372,5
7373,3
7374,0
7375,3
7376,3
7377,3
7378,5
7379,3
7380,3
7381,3
7382,6
7383,2
7384,4
7385,3
7386,0
7387,2
7388,0
7389,2
7390,2
7391,5
7392,3
7393,1
7394,3
7395,4
7396,1
7397,0
7398,3
7399,5
7400,0
7401,3
7402,3
7403,3
7404,0
7405,4
7406,3
7407,3
7408,2
7409,0
7410,2
7411,1
7412,3
7413,6
7414,3
7415,2
7416,5
7417,3
7418,3
7419,3
7420,1
7421,3
7422,4
7423,0
7424,4
7425,3
7426,0
7427,3
7428,2
7429,3
7430,6
7431,3
7432,3
7433,0
7434,6
7435,3
7436,3
7437,3
7438,3
7439,6
7440,6
7441,6
7442,5
7443,3
7444,3
7445,2
7446,6
7447,3
7448,0
7449,6
7450,3
7451,3
7452,6
7453,6
7454,1
7455,0
7456,3
7457,6
7458,2
7459,3
7460,6
7461,6
7462,0
7463,3
7464,3
7465,3
7466,3
7467,4
7468,1
7469,3
7470,6
7471,6
7472,1
7473,3
7474,4
7475,5
7476,0
7477,3
7478,3
7479,4
7480,1
7481,3
7482,3
7483,3
7484,6
7485,3
7486,2
7487,5
7488,3
7489,3
7490,0
7491,3
7492,1
7493,3
7494,3
7495,3
7496,1
7497,2
7498,2
7499,6
7500,4
7501,4
7502,1
7503,6
7504,5
7505,0
7506,3
7507,6
7508,3
7509,0
7510,3
7511,3
7512,3
7513,0
7514,5
7515,2
7516,3
7517,6
7518,6
7519,4
7520,3
7521,2
7522,0
7523,2
7524,0
7525,4
7526,5
7527,3
7528,5
7529,2
7530,0
7531,3
7532,1
7533,6
7534,4
7535,3
7536,3
7537,2
7538,4
7539,3
7540,3
7541,3
7542,3
7543,3
7544,2
7545,2
7546,3
7547,2
7548,2
7549,5
7550,4
7551,3
7552,0
7553,3
7554,6
7555,3
7556,4
7557,6
7558,3
7559,5
7560,0
7561,0
7562,3
7563,0
7564,3
7565,4
7566,3
7567,3
7568,5
7569,0
7570,1
7571,2
7572,3
7573,2
7574,3
7575,3
7576,3
7577,3
7578,0
7579,2
7580,6
7581,3
7582,3
7583,1
7584,3
7585,3
7586,3
7587,0
7588,3
7589,6
7590,0
7591,3
7592,3
7593,3
7594,4
7595,0
7596,3
7597,2
7598,3
7599,6
7600,6
7601,3
7602,3
7603,3
7604,1
7605,0
7606,3
7607,6
7608,0
7609,0
7610,3
7611,0
7612,3
7613,2
7614,3
7615,1
7616,0
7617,3
7618,6
7619,3
7620,6
7621,1
7622,5
7623,3
7624,3
7625,3
7626,4
7627,2
7628,6
7629,1
7630,6
7631,3
7632,6
7633,5
7634,2
7635,2
7636,4
7637,4
7638,3
7639,3
7640,3
7641,0
7642,1
7643,2
7644,1
7645,3
7646,2
7647,3
7648,4
7649,3
7650,3
7651,3
7652,5
7653,1
7654,3
7655,2
7656,3
7657,0
7658,3
7659,3
7660,0
7661,3
7662,3
7663,3
7664,3
7665,2
7666,3
7667,3
7668,5
7669,4
7670,2
7671,6
7672,6
7673,2
7674,0
7675,3
7676,0
7677,2
7678,3
7679,3
7680,3
7681,3
7682,3
7683,3
7684,3
7685,3
7686,0
7687,6
7688,5
7689,3
7690,6
7691,0
7692,3
7693,3
7694,6
7695,3
7696,1
7697,3
7698,1
7699,3
7700,3
7701,0
7702,0
7703,3
7704,1
7705,3
7706,4
7707,3
7708,2
7709,3
7710,3
7711,0
7712,3
7713,1
7714,3
7715,0
7716,3
7717,3
7718,3
7719,3
7720,3
7721,3
7722,1
7723,3
7724,5
7725,3
7726,3
7727,3
7728,0
7729,3
7730,3
7731,3
7732,6
7733,0
7734,3
7735,1
7736,3
7737,2
7738,2
7739,0
7740,3
7741,3
7742,3
7743,0
7744,3
7745,6
7746,3
7747,3
7748,6
7749,1
7750,3
7751,5
7752,3
7753,1
7754,4
7755,3
7756,0
7757,6
7758,3
7759,2
7760,3
7761,3
7762,1
7763,1
7764,1
7765,3
7766,6
7767,3
7768,4
7769,3
7770,2
7771,6
7772,3
7773,0
7774,2
7775,3
7776,4
7777,6
7778,4
7779,3
7780,2
7781,3
7782,6
7783,4
7784,6
7785,5
7786,6
7787,3
7788,2
7789,3
7790,2
7791,5
7792,5
7793,0
7794,3
7795,0
7796,1
7797,0
7798,3
7799,6
7800,3
7801,4
7802,3
7803,0
7804,4
7805,3
7806,6
7807,3
7808,3
7809,6
7810,3
7811,0
7812,0
7813,4
7814,3
7815,0
7816,3
7817,0
7818,3
7819,5
7820,3
7821,3
7822,4
7823,6
7824,3
7825,6
7826,0
7827,4
7828,0
7829,0
7830,3
7831,0
7832,3
7833,3
7834,0
7835,3
7836,3
7837,3
7838,1
7839,2
7840,3
7841,2
7842,6
7843,5
7844,4
7845,3
7846,6
7847,3
7848,6
7849,6
7850,2
7851,6
7852,3
7853,6
7854,0
7855,0
7856,3
7857,1
7858,6
7859,2
7860,3
7861,3
7862,3
7863,6
7864,6
7865,3
7866,3
7867,3
7868,2
7869,4
7870,2
7871,4
7872,3
7873,2
7874,6
7875,0
7876,3
7877,2
7878,3
7879,3
7880,3
7881,5
7882,3
7883,3
7884,4
7885,4
7886,4
7887,6
7888,3
7889,1
7890,3
7891,2
7892,5
7893,3
7894,3
7895,0
7896,6
7897,5
7898,5
7899,2
7900,6
7901,4
7902,4
7903,4
7904,3
7905,3
7906,3
7907,3
7908,0
7909,3
7910,2
7911,3
7912,3
7913,5
7914,5
7915,3
7916,3
7917,3
7918,1
7919,3
7920,3
7921,3
7922,3
7923,3
7924,5
7925,5
7926,0
7927,3
7928,4
7929,3
7930,5
7931,0
7932,0
7933,3
7934,4
7935,3
7936,3
7937,0
7938,3
7939,0
7940,3
7941,3
7942,2
7943,1
7944,3
7945,3
7946,6
7947,2
7948,3
7949,3
7950,2
7951,3
7952,6
7953,3
7954,4
7955,3
7956,3
7957,3
7958,2
7959,3
7960,6
7961,0
7962,3
7963,3
7964,0
7965,3
7966,1
7967,1
7968,2
7969,3
7970,3
7971,1
7972,3
7973,3
7974,6
7975,3
7976,3
7977,0
7978,5
7979,0
7980,3
7981,3
7982,3
7983,0
7984,0
7985,3
7986,1
7987,3
7988,3
7989,3
7990,0
7991,5
7992,6
7993,0
7994,3
7995,3
7996,6
7997,3
7998,0
7999,0
8000,3
8001,3
8002,0
8003,1
8004,6
8005,3
8006,0
8007,6
8008,3
8009,3
8010,6
8011,1
8012,2
8013,5
8014,0
8015,3
8016,3
8017,1
8018,3
8019,4
8020,3
8021,6
8022,1
8023,3
8024,6
8025,3
8026,0
8027,0
8028,3
8029,6
8030,6
8031,1
8032,0
8033,3
8034,3
8035,3
8036,3
8037,3
8038,3
8039,2
8040,3
8041,0
8042,3
8043,4
8044,6
8045,3
8046,1
8047,6
8048,0
8049,0
8050,3
8051,2
8052,1
8053,6
8054,3
8055,3
8056,5
8057,3
8058,3
8059,3
8060,3
8061,3
8062,3
8063,3
8064,6
8065,5
8066,3
8067,4
8068,3
8069,0
8070,3
8071,0
8072,0
8073,3
8074,4
8075,0
8076,6
8077,0
8078,3
8079,0
8080,4
8081,0
8082,0
8083,3
8084,3
8085,6
8086,0
8087,0
8088,0
8089,3
8090,6
8091,3
8092,0
8093,0
8094,5
8095,0
8096,3
8097,1
8098,2
8099,3
8100,4
8101,3
8102,3
8103,3
8104,6
8105,3
8106,3
8107,2
8108,3
8109,1
8110,5
8111,0
8112,2
8113,6
8114,3
8115,2
8116,3
8117,6
8118,3
8119,5
8120,4
8121,0
8122,2
8123,2
8124,3
8125,5
8126,2
8127,3
8128,6
8129,3
8130,3
8131,1
8132,1
8133,3
8134,6
8135,6
8136,3
8137,3
8138,3
8139,0
8140,3
8141,1
8142,3
8143,6
8144,0
8145,4
8146,3
8147,5
8148,6
8149,1
8150,2
8151,3
8152,0
8153,4
8154,3
8155,3
8156,2
8157,3
8158,4
8159,6
8160,1
8161,3
8162,0
8163,3
8164,3
8165,3
8166,3
8167,2
8168,3
8169,0
8170,6
8171,6
8172,3
8173,3
8174,3
8175,2
8176,4
8177,4
8178,3
8179,6
8180,0
8181,3
8182,3
8183,3
8184,3
8185,3
8186,3
8187,3
8188,3
8189,3
8190,3
8191,3
8192,3
8193,3
8194,3
8195,5
8196,0
8197,0
8198,2
8199,3
8200,3
8201,3
8202,4
8203,4
8204,0
8205,3
8206,4
8207,3
8208,3
8209,6
8210,3
8211,3
8212,3
8213,2
8214,2
8215,3
8216,3
8217,3
8218,0
8219,3
8220,4
8221,5
8222,3
8223,3
8224,3
8225,3
8226,2
8227,3
8228,1
8229,3
8230,4
8231,3
8232,1
8233,6
8234,2
8235,3
8236,3
8237,3
8238,3
8239,4
8240,3
8241,3
8242,3
8243,6
8244,4
8245,4
8246,4
8247,3
8248,0
8249,1
8250,3
8251,1
8252,6
8253,3
8254,3
8255,6
8256,0
8257,3
8258,4
8259,3
8260,1
8261,0
8262,3
8263,6
8264,0
8265,4
8266,3
8267,6
8268,1
8269,2
8270,3
8271,3
8272,3
8273,3
8274,6
8275,5
8276,3
8277,3
8278,0
8279,2
8280,4
8281,2
8282,3
8283,6
8284,3
8285,3
8286,3
8287,3
8288,3
8289,3
8290,3
8291,5
8292,6
8293,3
8294,3
8295,0
8296,6
8297,3
8298,0
8299,3
8300,3
8301,3
8302,2
8303,1
8304,3
8305,0
8306,0
8307,2
8308,3
8309,6
8310,5
8311,3
8312,4
8313,3
8314,3
8315,0
8316,0
8317,5
8318,3
8319,6
8320,6
8321,2
8322,3
8323,6
8324,3
8325,6
8326,3
8327,3
8328,4
8329,3
8330,6
8331,3
8332,6
8333,3
8334,6
8335,3
8336,0
8337,3
8338,4
8339,3
8340,3
8341,3
8342,4
8343,3
8344,3
8345,4
8346,5
8347,1
8348,0
8349,6
8350,0
8351,3
8352,1
8353,1
8354,3
8355,1
8356,3
8357,0
8358,2
8359,6
8360,3
8361,0
8362,6
8363,3
8364,2
8365,3
8366,4
8367,6
8368,3
8369,0
8370,0
8371,1
8372,4
8373,0
8374,0
8375,5
8376,3
8377,6
8378,0
8379,0
8380,0
8381,3
8382,1
8383,3
8384,6
8385,5
8386,1
8387,3
8388,6
8389,3
8390,6
8391,2
8392,3
8393,3
8394,3
8395,3
8396,6
8397,3
8398,4
8399,3
8400,2
8401,4
8402,3
8403,5
8404,4
8405,3
8406,6
8407,0
8408,2
8409,3
8410,6
8411,3
8412,3
8413,0
8414,2
8415,0
8416,3
8417,1
8418,4
8419,3
8420,5
8421,3
8422,0
8423,3
8424,3
8425,3
8426,0
8427,6
8428,2
8429,3
8430,0
8431,0
8432,3
8433,3
8434,1
8435,0
8436,3
8437,0
8438,3
8439,3
8440,3
8441,4
8442,4
8443,3
8444,4
8445,3
8446,0
8447,3
8448,3
8449,0
8450,3
8451,3
8452,0
8453,4
8454,6
8455,6
8456,2
8457,3
8458,4
8459,4
8460,6
8461,5
8462,5
8463,0
8464,3
8465,3
8466,4
8467,3
8468,4
8469,1
8470,3
8471,3
8472,0
8473,3
8474,3
8475,3
8476,2
8477,6
8478,4
8479,5
8480,3
8481,3
8482,6
8483,5
8484,0
8485,1
8486,3
8487,4
8488,3
8489,4
8490,3
8491,3
8492,3
8493,4
8494,6
8495,3
8496,0
8497,3
8498,0
8499,3
8500,2
8501,1
8502,3
8503,4
8504,3
8505,0
8506,3
8507,1
8508,0
8509,3
8510,4
8511,4
8512,6
8513,3
8514,3
8515,3
8516,3
8517,3
8518,0
8519,4
8520,5
8521,2
8522,4
8523,6
8524,3
8525,3
8526,2
8527,1
8528,5
8529,3
8530,1
8531,5
8532,0
8533,4
8534,1
8535,2
8536,6
8537,0
8538,3
8539,3
8540,3
8541,3
8542,2
8543,3
8544,5
8545,6
8546,3
8547,6
8548,3
8549,0
8550,0
8551,3
8552,4
8553,3
8554,4
8555,0
8556,1
8557,6
8558,3
8559,3
8560,1
8561,0
8562,3
8563,2
8564,0
8565,3
8566,3
8567,3
8568,3
8569,3
8570,0
8571,5
8572,2
8573,3
8574,3
8575,3
8576,5
8577,3
8578,3
8579,2
8580,6
8581,5
8582,3
8583,3
8584,1
8585,3
8586,3
8587,3
8588,2
8589,3
8590,3
8591,0
8592,2
8593,0
8594,5
8595,3
8596,4
8597,6
8598,3
8599,0
8600,4
8601,1
8602,5
8603,3
8604,3
8605,6
8606,3
8607,6
8608,4
8609,5
8610,3
8611,0
8612,3
8613,0
8614,3
8615,3
8616,6
8617,1
8618,3
8619,5
8620,3
8621,2
8622,5
8623,3
8624,5
8625,1
8626,6
8627,0
8628,6
8629,3
8630,3
8631,0
8632,3
8633,5
8634,1
8635,2
8636,3
8637,3
8638,6
8639,0
8640,3
8641,6
8642,3
8643,3
8644,5
8645,5
8646,3
8647,3
8648,2
8649,5
8650,3
8651,3
8652,3
8653,0
8654,3
8655,3
8656,3
8657,3
8658,6
8659,3
8660,2
8661,6
8662,3
8663,3
8664,3
8665,3
8666,3
8667,2
8668,3
8669,1
8670,6
8671,3
8672,3
8673,3
8674,4
8675,3
8676,0
8677,2
8678,3
8679,3
8680,0
8681,6
8682,4
8683,5
8684,4
8685,4
8686,2
8687,2
8688,6
8689,4
8690,3
8691,3
8692,3
8693,3
8694,3
8695,6
8696,6
8697,6
8698,0
8699,3
8700,5
8701,3
8702,3
8703,4
8704,4
8705,2
8706,6
8707,4
8708,2
8709,0
8710,3
8711,3
8712,3
8713,6
8714,3
8715,6
8716,0
8717,3
8718,3
8719,3
8720,5
8721,3
8722,6
8723,4
8724,3
8725,4
8726,0
8727,6
8728,2
8729,0
8730,3
8731,4
8732,3
8733,1
8734,3
8735,3
8736,3
8737,3
8738,3
8739,1
8740,3
8741,3
8742,3
8743,3
8744,2
8745,0
8746,0
8747,6
8748,0
8749,3
8750,3
8751,5
8752,3
8753,3
8754,3
8755,3
8756,0
8757,5
8758,4
8759,4
8760,0
8761,3
8762,3
8763,5
8764,3
8765,6
8766,6
8767,6
8768,0
8769,0
8770,1
8771,3
8772,3
8773,2
8774,3
8775,4
8776,6
8777,0
8778,6
8779,4
8780,2
8781,3
8782,1
8783,6
8784,6
8785,0
8786,1
8787,0
8788,3
8789,6
8790,3
8791,3
8792,3
8793,3
8794,3
8795,1
8796,0
8797,3
8798,3
8799,2
8800,3
8801,3
8802,6
8803,0
8804,3
8805,6
8806,5
8807,3
8808,3
8809,6
8810,1
8811,2
8812,3
8813,0
8814,3
8815,3
8816,0
8817,6
8818,3
8819,4
8820,2
8821,6
8822,3
8823,4
8824,1
8825,4
8826,5
8827,6
8828,3
8829,3
8830,1
8831,4
8832,3
8833,1
8834,2
8835,3
8836,5
8837,0
8838,3
8839,3
8840,2
8841,0
8842,0
8843,0
8844,3
8845,6
8846,6
8847,2
8848,6
8849,3
8850,2
8851,3
8852,3
8853,3
8854,6
8855,3
8856,3
8857,0
8858,4
8859,3
8860,6
8861,2
8862,3
8863,3
8864,1
8865,4
8866,3
8867,3
8868,3
8869,0
8870,3
8871,3
8872,2
8873,0
8874,3
8875,3
8876,3
8877,0
8878,1
8879,3
8880,2
8881,3
8882,0
8883,3
8884,0
8885,6
8886,0
8887,3
8888,2
8889,6
8890,3
8891,2
8892,5
8893,0
8894,1
8895,3
8896,4
8897,3
8898,0
8899,4
8900,3
8901,3
8902,6
8903,4
8904,6
8905,3
8906,6
8907,3
8908,0
8909,1
8910,4
8911,3
8912,1
8913,0
8914,3
8915,3
8916,3
8917,3
8918,0
8919,1
8920,4
8921,2
8922,3
8923,1
8924,4
8925,6
8926,6
8927,3
8928,3
8929,3
8930,4
8931,5
8932,3
8933,4
8934,3
8935,3
8936,0
8937,3
8938,3
8939,3
8940,3
8941,3
8942,4
8943,3
8944,2
8945,0
8946,1
8947,3
8948,0
8949,3
8950,5
8951,3
8952,2
8953,3
8954,6
8955,2
8956,3
8957,6
8958,3
8959,4
8960,3
8961,1
8962,3
8963,4
8964,3
8965,3
8966,4
8967,6
8968,3
8969,0
8970,2
8971,5
8972,6
8973,4
8974,6
8975,3
8976,2
8977,2
8978,3
8979,5
8980,3
8981,0
8982,5
8983,0
8984,0
8985,3
8986,3
8987,3
8988,3
8989,3
8990,3
8991,1
8992,3
8993,2
8994,3
8995,3
8996,5
8997,3
8998,6
8999,3
9000,0
9001,3
9002,0
9003,3
9004,0
9005,2
9006,3
9007,3
9008,3
9009,6
9010,4
9011,0
9012,3
9013,5
9014,2
9015,3
9016,6
9017,0
9018,3
9019,4
9020,5
9021,5
9022,3
9023,3
9024,2
9025,3
9026,2
9027,3
9028,0
9029,3
9030,5
9031,4
9032,3
9033,3
9034,5
9035,1
9036,0
9037,0
9038,6
9039,2
9040,5
9041,6
9042,3
9043,5
9044,6
9045,0
9046,5
9047,3
9048,0
9049,4
9050,6
9051,3
9052,5
9053,2
9054,0
9055,3
9056,2
9057,3
9058,3
9059,6
9060,2
9061,3
9062,2
9063,2
9064,3
9065,3
9066,0
9067,3
9068,3
9069,3
9070,3
9071,0
9072,3
9073,6
9074,4
9075,3
9076,6
9077,3
9078,3
9079,3
9080,3
9081,5
9082,3
9083,0
9084,3
9085,3
9086,1
9087,3
9088,4
9089,0
9090,3
9091,1
9092,3
9093,3
9094,3
9095,4
9096,3
9097,3
9098,2
9099,4
9100,1
9101,4
9102,1
9103,3
9104,3
9105,3
9106,2
9107,2
9108,5
9109,3
9110,3
9111,4
9112,6
9113,3
9114,3
9115,0
9116,3
9117,0
9118,2
9119,3
9120,5
9121,6
9122,2
9123,6
9124,1
9125,2
9126,3
9127,4
9128,6
9129,3
9130,6
9131,3
9132,0
9133,5
9134,3
9135,3
9136,3
9137,3
9138,3
9139,3
9140,3
9141,6
9142,3
9143,6
9144,0
9145,3
9146,2
9147,3
9148,5
9149,0
9150,4
9151,0
9152,6
9153,6
9154,2
9155,3
9156,6
9157,3
9158,3
9159,2
9160,3
9161,6
9162,3
9163,3
9164,0
9165,3
9166,3
9167,2
9168,2
9169,3
9170,3
9171,3
9172,4
9173,3
9174,0
9175,4
9176,3
9177,0
9178,2
9179,3
9180,3
9181,6
9182,3
9183,5
9184,3
9185,3
9186,4
9187,2
9188,3
9189,2
9190,2
9191,3
9192,6
9193,2
9194,4
9195,3
9196,1
9197,3
9198,2
9199,4
9200,5
9201,3
9202,2
9203,3
9204,6
9205,2
9206,2
9207,3
9208,3
9209,6
9210,4
9211,3
9212,3
9213,3
9214,4
9215,3
9216,3
9217,6
9218,0
9219,3
9220,3
9221,6
9222,3
9223,3
9224,3
9225,3
9226,2
9227,3
9228,3
9229,2
9230,3
9231,3
9232,3
9233,3
9234,3
9235,0
9236,3
9237,2
9238,5
9239,6
9240,3
9241,3
9242,3
9243,3
9244,4
9245,5
9246,0
9247,6
9248,0
9249,3
9250,3
9251,3
9252,4
9253,4
9254,0
9255,3
9256,3
9257,3
9258,3
9259,2
9260,0
9261,4
9262,5
9263,3
9264,3
9265,1
9266,3
9267,6
9268,6
9269,0
9270,0
9271,6
9272,3
9273,3
9274,2
9275,6
9276,1
9277,5
9278,3
9279,2
9280,3
9281,0
9282,3
9283,3
9284,3
9285,3
9286,4
9287,6
9288,3
9289,3
9290,2
9291,3
9292,1
9293,6
9294,6
9295,3
9296,3
9297,3
9298,6
9299,4
9300,4
9301,6
9302,6
9303,6
9304,1
9305,3
9306,3
9307,3
9308,3
9309,0
9310,4
9311,3
9312,3
9313,3
9314,2
9315,3
9316,3
9317,5
9318,2
9319,3
9320,0
9321,3
9322,3
9323,3
9324,3
9325,3
9326,3
9327,5
9328,3
9329,6
9330,1
9331,3
9332,0
9333,3
9334,2
9335,6
9336,0
9337,1
9338,2
9339,3
9340,2
9341,0
9342,6
9343,0
9344,3
9345,3
9346,3
9347,3
9348,3
9349,3
9350,1
9351,3
9352,3
9353,1
9354,0
9355,0
9356,1
9357,3
9358,2
9359,0
9360,3
9361,3
9362,4
9363,3
9364,2
9365,0
9366,0
9367,6
9368,6
9369,3
9370,3
9371,3
9372,3
9373,0
9374,2
9375,1
9376,3
9377,3
9378,4
9379,3
9380,3
9381,4
9382,4
9383,3
9384,3
9385,0
9386,3
9387,1
9388,3
9389,6
9390,2
9391,3
9392,1
9393,6
9394,0
9395,3
9396,0
9397,6
9398,5
9399,3
9400,2
9401,3
9402,0
9403,3
9404,3
9405,0
9406,6
9407,3
9408,3
9409,4
9410,2
9411,0
9412,0
9413,3
9414,3
9415,6
9416,3
9417,3
9418,3
9419,3
9420,2
9421,4
9422,3
9423,0
9424,2
9425,3
9426,0
9427,6
9428,6
9429,5
9430,3
9431,0
9432,3
9433,3
9434,3
9435,3
9436,4
9437,0
9438,3
9439,3
9440,0
9441,3
9442,3
9443,3
9444,3
9445,1
9446,6
9447,2
9448,6
9449,0
9450,1
9451,3
9452,3
9453,0
9454,1
9455,3
9456,2
9457,4
9458,3
9459,0
9460,6
9461,6
9462,0
9463,1
9464,6
9465,4
9466,6
9467,6
9468,6
9469,3
9470,3
9471,3
9472,3
9473,3
9474,1
9475,6
9476,0
9477,0
9478,6
9479,5
9480,0
9481,6
9482,4
9483,4
9484,5
9485,3
9486,3
9487,3
9488,3
9489,3
9490,2
9491,0
9492,3
9493,3
9494,4
9495,1
9496,0
9497,6
9498,6
9499,3
9500,2
9501,3
9502,3
9503,0
9504,1
9505,3
9506,0
9507,3
9508,3
9509,3
9510,2
9511,5
9512,3
9513,3
9514,3
9515,3
9516,4
9517,0
9518,0
9519,6
9520,3
9521,3
9522,0
9523,3
9524,3
9525,6
9526,0
9527,0
9528,5
9529,1
9530,3
9531,3
9532,3
9533,4
9534,2
9535,5
9536,0
9537,0
9538,6
9539,3
9540,6
9541,3
9542,0
9543,3
9544,6
9545,2
9546,3
9547,4
9548,3
9549,3
9550,3
9551,0
9552,2
9553,0
9554,3
9555,3
9556,5
9557,3
9558,0
9559,6
9560,1
9561,3
9562,2
9563,2
9564,3
9565,3
9566,3
9567,2
9568,3
9569,5
9570,1
9571,0
9572,2
9573,3
9574,3
9575,1
9576,0
9577,2
9578,3
9579,2
9580,4
9581,4
9582,3
9583,0
9584,4
9585,5
9586,3
9587,3
9588,3
9589,3
9590,3
9591,0
9592,6
9593,1
9594,4
9595,4
9596,3
9597,3
9598,3
9599,3
9600,6
9601,2
9602,6
9603,3
9604,2
9605,3
9606,3
9607,3
9608,5
9609,3
9610,3
9611,6
9612,2
9613,5
9614,6
9615,4
9616,4
9617,3
9618,3
9619,3
9620,4
9621,6
9622,1
9623,6
9624,4
9625,6
9626,3
9627,3
9628,3
9629,2
9630,4
9631,6
9632,3
9633,2
9634,3
9635,3
9636,1
9637,3
9638,4
9639,6
9640,5
9641,3
9642,2
9643,5
9644,1
9645,6
9646,3
9647,5
9648,0
9649,2
9650,4
9651,4
9652,0
9653,6
9654,1
9655,1
9656,3
9657,3
9658,2
9659,3
9660,6
9661,3
9662,0
9663,0
9664,5
9665,6
9666,2
9667,2
9668,0
9669,5
9670,3
9671,2
9672,3
9673,3
9674,3
9675,1
9676,3
9677,6
9678,1
9679,1
9680,1
9681,0
9682,3
9683,0
9684,6
9685,1
9686,6
9687,5
9688,2
9689,3
9690,2
9691,3
9692,3
9693,4
9694,4
9695,6
9696,3
9697,3
9698,5
9699,3
9700,2
9701,3
9702,4
9703,3
9704,1
9705,4
9706,6
9707,3
9708,4
9709,1
9710,5
9711,1
9712,3
9713,3
9714,4
9715,3
9716,3
9717,3
9718,2
9719,2
9720,1
9721,1
9722,0
9723,3
9724,3
9725,4
9726,3
9727,3
9728,3
9729,3
9730,3
9731,3
9732,4
9733,3
9734,6
9735,0
9736,3
9737,3
9738,3
9739,3
9740,6
9741,3
9742,0
9743,3
9744,2
9745,3
9746,3
9747,1
9748,6
9749,2
9750,6
9751,4
9752,4
9753,4
9754,4
9755,3
9756,6
9757,3
9758,3
9759,2
9760,4
9761,2
9762,3
9763,0
9764,2
9765,0
9766,0
9767,0
9768,0
9769,3
9770,3
9771,5
9772,3
9773,3
9774,0
9775,0
9776,1
9777,3
9778,3
9779,1
9780,3
9781,6
9782,3
9783,3
9784,2
9785,5
9786,3
9787,5
9788,4
9789,5
9790,5
9791,3
9792,2
9793,4
9794,3
9795,3
9796,3
9797,3
9798,0
9799,3
9800,3
9801,3
9802,0
9803,1
9804,1
9805,1
9806,0
9807,5
9808,4
9809,3
9810,3
9811,3
9812,6
9813,5
9814,3
9815,2
9816,6
9817,3
9818,3
9819,3
9820,4
9821,3
9822,3
9823,2
9824,3
9825,0
9826,3
9827,4
9828,3
9829,2
9830,3
9831,3
9832,3
9833,6
9834,3
9835,3
9836,3
9837,5
9838,3
9839,6
9840,2
9841,3
9842,5
9843,3
9844,2
9845,3
9846,6
9847,4
9848,5
9849,1
9850,4
9851,0
9852,2
9853,5
9854,3
9855,3
9856,3
9857,3
9858,3
9859,5
9860,2
9861,2
9862,2
9863,1
9864,5
9865,3
9866,2
9867,4
9868,3
9869,1
9870,0
9871,6
9872,5
9873,6
9874,0
9875,3
9876,3
9877,1
9878,3
9879,3
9880,6
9881,0
9882,2
9883,6
9884,3
9885,0
9886,4
9887,3
9888,0
9889,4
9890,1
9891,4
9892,3
9893,0
9894,4
9895,6
9896,3
9897,0
9898,6
9899,6
9900,0
9901,0
9902,4
9903,4
9904,3
9905,3
9906,3
9907,3
9908,3
9909,6
9910,6
9911,3
9912,3
9913,6
9914,3
9915,3
9916,3
9917,3
9918,3
9919,3
9920,2
9921,3
9922,3
9923,1
9924,0
9925,3
9926,3
9927,3
9928,5
9929,6
9930,3
9931,1
9932,5
9933,3
9934,3
9935,6
9936,2
9937,3
9938,6
9939,0
9940,6
9941,5
9942,3
9943,6
9944,2
9945,3
9946,4
9947,5
9948,3
9949,3
9950,1
9951,4
9952,0
9953,2
9954,3
9955,3
9956,3
9957,3
9958,4
9959,1
9960,3
9961,4
9962,0
9963,3
9964,2
9965,1
9966,2
9967,3
9968,1
9969,3
9970,3
9971,4
9972,3
9973,3
9974,4
9975,5
9976,1
9977,3
9978,3
9979,6
9980,4
9981,0
9982,5
9983,0
9984,3
9985,2
9986,5
9987,3
9988,3
9989,2
9990,6
9991,0
9992,4
9993,3
9994,1
9995,4
9996,3
9997,3
9998,3
9999,3
10000,5
10001,4
10002,3
10003,3
10004,5
10005,3
10006,2
10007,6
10008,1
10009,2
10010,5
10011,6
10012,0
10013,3
10014,4
10015,0
10016,3
10017,3
10018,1
10019,1
10020,3
10021,4
10022,3
10023,6
10024,3
10025,3
10026,0
10027,3
10028,6
10029,6
10030,4
10031,0
10032,3
10033,0
10034,3
10035,3
10036,3
10037,3
10038,3
10039,1
10040,4
10041,2
10042,3
10043,3
10044,2
10045,3
10046,6
10047,2
10048,3
10049,4
10050,3
10051,1
10052,3
10053,5
10054,0
10055,3
10056,3
10057,2
10058,5
10059,4
10060,0
10061,3
10062,3
10063,5
10064,3
10065,0
10066,6
10067,6
10068,3
10069,3
10070,2
10071,3
10072,3
10073,1
10074,3
10075,3
10076,4
10077,5
10078,3
10079,4
10080,3
10081,2
10082,5
10083,0
10084,3
10085,5
10086,6
10087,3
10088,3
10089,3
10090,0
10091,3
10092,1
10093,3
10094,3
10095,5
10096,0
10097,5
10098,3
10099,3
10100,0
10101,6
10102,3
10103,2
10104,3
10105,3
10106,5
10107,3
10108,1
10109,3
10110,3
10111,5
10112,2
10113,5
10114,3
10115,3
10116,3
10117,3
10118,5
10119,3
10120,3
10121,3
10122,2
10123,0
10124,2
10125,3
10126,3
10127,6
10128,2
10129,1
10130,6
10131,3
10132,2
10133,0
10134,3
10135,3
10136,3
10137,3
10138,5
10139,2
10140,3
10141,4
10142,1
10143,3
10144,0
10145,3
10146,3
10147,3
10148,6
10149,3
10150,0
10151,3
10152,3
10153,0
10154,0
10155,2
10156,6
10157,0
10158,3
10159,3
10160,3
10161,5
10162,6
10163,3
10164,1
10165,3
10166,5
10167,3
10168,3
10169,1
10170,3
10171,3
10172,4
10173,3
10174,2
10175,3
10176,3
10177,3
10178,4
10179,3
10180,3
10181,6
10182,2
10183,0
10184,3
10185,2
10186,4
10187,3
10188,3
10189,3
10190,6
10191,0
10192,4
10193,3
10194,3
10195,3
10196,4
10197,5
10198,4
10199,3
10200,3
10201,3
10202,3
10203,6
10204,3
10205,6
10206,6
10207,3
10208,6
10209,3
10210,3
10211,3
10212,2
10213,2
10214,3
10215,4
10216,3
10217,4
10218,3
10219,3
10220,6
10221,6
10222,3
10223,4
10224,4
10225,3
10226,4
10227,2
10228,5
10229,3
10230,3
10231,2
10232,0
10233,3
10234,2
10235,5
10236,3
10237,6
10238,5
10239,3
10240,4
10241,3
10242,3
10243,3
10244,0
10245,0
10246,1
10247,0
10248,2
10249,3
10250,6
10251,3
10252,6
10253,3
10254,3
10255,6
10256,3
10257,4
10258,3
10259,3
10260,1
10261,4
10262,0
10263,0
10264,3
10265,3
10266,4
10267,0
10268,1
10269,6
10270,2
10271,0
10272,3
10273,3
10274,3
10275,5
10276,5
10277,6
10278,6
10279,6
10280,6
10281,5
10282,3
10283,0
10284,0
10285,6
10286,5
10287,4
10288,3
10289,0
10290,4
10291,3
10292,3
10293,3
10294,6
10295,3
10296,3
10297,6
10298,6
10299,4
10300,0
10301,4
10302,5
10303,5
10304,3
10305,3
10306,3
10307,2
10308,5
10309,3
10310,5
10311,3
10312,3
10313,3
10314,3
10315,3
10316,1
10317,0
10318,3
10319,3
10320,4
10321,3
10322,3
10323,6
10324,0
10325,2
10326,3
10327,0
10328,4
10329,2
10330,3
10331,3
10332,5
10333,3
10334,5
10335,3
10336,3
10337,0
10338,3
10339,3
10340,3
10341,0
10342,3
10343,3
10344,4
10345,5
10346,2
10347,3
10348,3
10349,4
10350,3
10351,3
10352,0
10353,6
10354,3
10355,3
10356,1
10357,5
10358,3
10359,2
10360,3
10361,0
10362,3
10363,3
10364,3
10365,0
10366,0
10367,3
10368,2
10369,3
10370,3
10371,4
10372,5
10373,6
10374,3
10375,5
10376,6
10377,2
10378,6
10379,5
10380,1
10381,5
10382,3
10383,4
10384,3
10385,3
10386,3
10387,2
10388,3
10389,3
10390,5
10391,6
10392,6
10393,3
10394,3
10395,3
10396,0
10397,0
10398,3
10399,5
10400,1
10401,3
10402,2
10403,5
10404,3
10405,6
10406,3
10407,0
10408,3
10409,3
10410,2
10411,6
10412,3
10413,3
10414,3
10415,3
10416,6
10417,3
10418,3
10419,3
10420,0
10421,1
10422,3
10423,0
10424,5
10425,5
10426,1
10427,3
10428,3
10429,3
10430,3
10431,3
10432,0
10433,0
10434,0
10435,3
10436,3
10437,3
10438,4
10439,3
10440,0
10441,3
10442,6
10443,0
10444,6
10445,0
10446,3
10447,3
10448,3
10449,1
10450,3
10451,3
10452,3
10453,3
10454,2
10455,3
10456,4
10457,0
10458,4
10459,5
10460,3
10461,0
10462,6
10463,3
10464,5
10465,3
10466,2
10467,4
10468,2
10469,3
10470,5
10471,0
10472,2
10473,1
10474,3
10475,0
10476,3
10477,3
10478,0
10479,3
10480,3
10481,0
10482,3
10483,3
10484,1
10485,4
10486,6
10487,6
10488,3
10489,4
10490,3
10491,2
10492,3
10493,4
10494,6
10495,3
10496,6
10497,6
10498,3
10499,3
10500,3
10501,5
10502,3
10503,6
10504,4
10505,4
10506,0
10507,1
10508,3
10509,4
10510,3
10511,2
10512,0
10513,3
10514,3
10515,2
10516,2
10517,2
10518,3
10519,0
10520,3
10521,0
10522,2
10523,5
10524,3
10525,3
10526,0
10527,3
10528,3
10529,2
10530,3
10531,3
10532,4
10533,3
10534,3
10535,4
10536,3
10537,1
10538,4
10539,3
10540,4
10541,1
10542,4
10543,1
10544,3
10545,3
10546,6
10547,6
10548,2
10549,3
10550,4
10551,3
10552,3
10553,5
10554,3
10555,6
10556,3
10557,4
10558,3
10559,3
10560,2
10561,6
10562,6
10563,0
10564,3
10565,4
10566,3
10567,3
10568,3
10569,5
10570,6
10571,3
10572,0
10573,0
10574,3
10575,0
10576,3
10577,3
10578,5
10579,3
10580,3
10581,6
10582,3
10583,5
10584,0
10585,4
10586,3
10587,3
10588,0
10589,3
10590,6
10591,5
10592,3
10593,3
10594,3
10595,1
10596,4
10597,3
10598,0
10599,3
10600,6
10601,4
10602,3
10603,3
10604,3
10605,5
10606,4
10607,3
10608,3
10609,3
10610,3
10611,4
10612,3
10613,3
10614,2
10615,3
10616,6
10617,2
10618,3
10619,5
10620,3
10621,6
10622,3
10623,4
10624,6
10625,3
10626,0
10627,2
10628,1
10629,3
10630,3
10631,3
10632,3
10633,3
10634,6
10635,0
10636,3
10637,3
10638,3
10639,0
10640,3
10641,3
10642,3
10643,0
10644,0
10645,3
10646,4
10647,3
10648,0
10649,2
10650,3
10651,5
10652,3
10653,3
10654,3
10655,3
10656,3
10657,3
10658,2
10659,4
10660,5
10661,3
10662,3
10663,3
10664,6
10665,0
10666,3
10667,1
10668,3
10669,4
10670,2
10671,3
10672,3
10673,3
10674,3
10675,3
10676,3
10677,3
10678,6
10679,4
10680,0
10681,0
10682,3
10683,3
10684,3
10685,2
10686,4
10687,2
10688,5
10689,3
10690,3
10691,0
10692,3
10693,5
10694,3
10695,1
10696,3
10697,3
10698,3
10699,4
10700,6
10701,0
10702,3
10703,4
10704,3
10705,3
10706,1
10707,0
10708,3
10709,3
10710,3
10711,3
10712,2
10713,6
10714,2
10715,3
10716,3
10717,5
10718,0
10719,3
10720,5
10721,1
10722,5
10723,3
10724,2
10725,3
10726,2
10727,6
10728,3
10729,5
10730,5
10731,3
10732,6
10733,1
10734,0
10735,3
10736,3
10737,6
10738,5
10739,3
10740,0
10741,6
10742,6
10743,0
10744,1
10745,2
10746,0
10747,0
10748,6
10749,3
10750,6
10751,3
10752,0
10753,3
10754,3
10755,5
10756,3
10757,5
10758,3
10759,5
10760,3
10761,3
10762,3
10763,3
10764,3
10765,3
10766,1
10767,3
10768,3
10769,3
10770,3
10771,6
10772,1
10773,6
10774,3
10775,4
10776,4
10777,5
10778,3
10779,3
10780,3
10781,3
10782,5
10783,6
10784,3
10785,3
10786,4
10787,3
10788,6
10789,4
10790,6
10791,6
10792,1
10793,2
10794,4
10795,6
10796,3
10797,1
10798,6
10799,3
10800,3
10801,4
10802,1
10803,3
10804,3
10805,5
10806,3
10807,3
10808,3
10809,2
10810,5
10811,0
10812,3
10813,3
10814,4
10815,5
10816,4
10817,3
10818,3
10819,3
10820,3
10821,3
10822,3
10823,1
10824,3
10825,6
10826,0
10827,0
10828,3
10829,6
10830,4
10831,3
10832,5
10833,4
10834,1
10835,3
10836,1
10837,3
10838,3
10839,2
10840,3
10841,6
10842,3
10843,5
10844,6
10845,3
10846,0
10847,5
10848,3
10849,0
10850,1
10851,3
10852,1
10853,0
10854,3
10855,6
10856,5
10857,6
10858,3
10859,3
10860,6
10861,4
10862,3
10863,3
10864,3
10865,3
10866,0
10867,5
10868,3
